,CionScore,CoinDate
0,-0.22440924644470214,2014-10-01
1,0.16243941254085964,2014-10-02
2,-0.13624915054866246,2014-10-03
3,-0.13624915054866246,2014-10-04
4,-0.13624915054866246,2014-10-05
5,-0.16556625366210936,2014-10-06
6,-0.10643524676561356,2014-10-07
7,-0.08014675974845886,2014-10-08
8,0.1592235565185547,2014-10-09
9,-0.011568605899810791,2014-10-10
10,0.0,2014-10-11
11,0.0,2014-10-12
12,-0.08443266153335571,2014-10-13
13,0.0,2014-10-14
14,0.0,2014-10-15
15,-0.13104239106178284,2014-10-16
16,-0.27184419121061054,2014-10-17
17,-0.32828488945961,2014-10-18
18,-0.23952963948249817,2014-10-19
19,-0.0263991289668613,2014-10-20
20,-0.051552232106526694,2014-10-21
21,0.24724912643432617,2014-10-22
22,0.0,2014-10-23
23,-0.0014503359794616698,2014-10-24
24,0.0,2014-10-25
25,-0.29402609666188556,2014-10-26
26,-0.24271215498447418,2014-10-27
27,0.09628453424998693,2014-10-28
28,0.09371146890852186,2014-10-29
29,0.08174756666024525,2014-10-30
30,-0.13032550471169607,2014-10-31
31,0.0,2014-11-01
32,0.0,2014-11-02
33,5.102819866604275e-05,2014-11-03
34,0.0,2014-11-04
35,0.0,2014-11-05
36,-0.21013694008191428,2014-11-06
37,-0.02676554520924886,2014-11-07
38,-0.02676554520924886,2014-11-08
39,-0.02676554520924886,2014-11-09
40,-0.12734952569007874,2014-11-10
41,0.0,2014-11-11
42,-0.033124795981815884,2014-11-12
43,0.0,2014-11-13
44,-0.11932326214654106,2014-11-14
45,0.20685996611913046,2014-11-15
46,0.0,2014-11-16
47,0.02645535554204668,2014-11-17
48,0.0,2014-11-18
49,0.0,2014-11-19
50,-0.2211766242980957,2014-11-20
51,-0.21347232375826156,2014-11-21
52,0.0,2014-11-22
53,0.0,2014-11-23
54,-0.25137961827791655,2014-11-24
55,0.0,2014-11-25
56,0.0,2014-11-26
57,0.0,2014-11-27
58,-0.13474036753177643,2014-11-28
59,0.0,2014-11-29
60,0.0,2014-11-30
61,-0.20968509912490846,2014-12-01
62,0.04143986105918884,2014-12-02
63,-0.13766202756336757,2014-12-03
64,-0.18751726299524307,2014-12-04
65,0.0,2014-12-05
66,0.0,2014-12-06
67,0.0,2014-12-07
68,-0.0645391583442688,2014-12-08
69,-0.16445119040352957,2014-12-09
70,-0.29793773889541625,2014-12-10
71,-0.03792216628789902,2014-12-11
72,0.0,2014-12-12
73,0.0,2014-12-13
74,0.0,2014-12-14
75,-0.26758034030596417,2014-12-15
76,-0.26758034030596417,2014-12-16
77,-0.26758034030596417,2014-12-17
78,-0.2634296913941701,2014-12-18
79,0.0,2014-12-19
80,0.0,2014-12-20
81,0.0,2014-12-21
82,0.26724761724472046,2014-12-22
83,0.0,2014-12-23
84,0.0,2014-12-24
85,0.0,2014-12-25
86,-0.4700401822725932,2014-12-26
87,-0.32061223189036053,2014-12-27
88,0.0,2014-12-28
89,-0.3095948000748952,2014-12-29
90,0.10585391521453857,2014-12-30
91,-0.17894163727760315,2014-12-31
92,-0.389537513256073,2015-01-01
93,0.0,2015-01-02
94,-0.41135096549987793,2015-01-03
95,0.0,2015-01-04
96,-0.13789287635258266,2015-01-05
97,-0.11171033978462219,2015-01-06
98,-0.19348012655973434,2015-01-07
99,-0.4479764997959137,2015-01-08
100,-0.4479764997959137,2015-01-09
101,0.0,2015-01-10
102,0.0,2015-01-11
103,-0.0774198089327131,2015-01-12
104,-0.47542089886135525,2015-01-13
105,-0.3822452255657741,2015-01-14
106,-0.03192458301782608,2015-01-15
107,-0.1924283266067505,2015-01-16
108,0.0,2015-01-17
109,0.0,2015-01-18
110,-0.27344472067696707,2015-01-19
111,0.3585638105869293,2015-01-20
112,0.013801549162183489,2015-01-21
113,0.16318766134125845,2015-01-22
114,0.023470193147659302,2015-01-23
115,0.0,2015-01-24
116,-0.2756671905517578,2015-01-25
117,-0.16183077096939086,2015-01-26
118,0.0,2015-01-27
119,-0.15477091073989868,2015-01-28
120,0.0012769482352516868,2015-01-29
121,-0.08045419057210286,2015-01-30
122,0.0,2015-01-31
123,0.0,2015-02-01
124,-0.15882232785224915,2015-02-02
125,0.198814195394516,2015-02-03
126,0.09202174097299576,2015-02-04
127,-0.17956033017900255,2015-02-05
128,-0.18679230213165282,2015-02-06
129,0.0,2015-02-07
130,0.0,2015-02-08
131,-0.36995460391044616,2015-02-09
132,0.036625219242913384,2015-02-10
133,-0.14158307512601218,2015-02-11
134,-0.14158307512601218,2015-02-12
135,-0.303669939438502,2015-02-13
136,0.0,2015-02-14
137,-0.31489744782447815,2015-02-15
138,-0.21355240792036057,2015-02-16
139,-0.27840128540992737,2015-02-17
140,-0.04751576483249664,2015-02-18
141,0.0025639772415161134,2015-02-19
142,-0.20845983922481537,2015-02-20
143,0.0,2015-02-21
144,0.0,2015-02-22
145,-0.012687754631042481,2015-02-23
146,0.0,2015-02-24
147,0.01573657989501953,2015-02-25
148,0.0,2015-02-26
149,0.2747965238311074,2015-02-27
150,0.407939076423645,2015-02-28
151,0.0,2015-03-01
152,-0.29436467091242474,2015-03-02
153,0.0,2015-03-03
154,0.07275191446145375,2015-03-04
155,-0.5236334800720215,2015-03-05
156,0.13587219516436258,2015-03-06
157,0.0,2015-03-07
158,0.0,2015-03-08
159,0.19993984699249268,2015-03-09
160,0.0,2015-03-10
161,-0.025137713977268765,2015-03-11
162,-0.03314158320426941,2015-03-12
163,-0.15674179792404175,2015-03-13
164,-0.3506767451763153,2015-03-14
165,0.0,2015-03-15
166,-0.20055879865373885,2015-03-16
167,-0.16562774181365966,2015-03-17
168,-0.607258935769399,2015-03-18
169,0.0,2015-03-19
170,-0.05940406322479248,2015-03-20
171,0.0,2015-03-21
172,0.0,2015-03-22
173,-0.16058164834976196,2015-03-23
174,-0.3331931531429291,2015-03-24
175,-0.3331931531429291,2015-03-25
176,-0.29953163862228394,2015-03-26
177,0.10731704235076904,2015-03-27
178,0.0,2015-03-28
179,0.0,2015-03-29
180,0.0,2015-03-30
181,0.0,2015-03-31
182,-0.2386622905731201,2015-04-01
183,-0.27859083414077757,2015-04-02
184,-0.14803984761238098,2015-04-03
185,0.0,2015-04-04
186,0.0,2015-04-05
187,0.0,2015-04-06
188,-0.31036264697710675,2015-04-07
189,0.20825789868831635,2015-04-08
190,0.3482566475868225,2015-04-09
191,-0.17610226074854532,2015-04-10
192,0.0,2015-04-11
193,0.0,2015-04-12
194,0.0,2015-04-13
195,0.0,2015-04-14
196,0.22428892056147257,2015-04-15
197,0.0,2015-04-16
198,-0.18051081895828247,2015-04-17
199,0.0,2015-04-18
200,0.0,2015-04-19
201,-0.5432096123695374,2015-04-20
202,-0.17118017872174582,2015-04-21
203,0.04569862286249796,2015-04-22
204,0.0,2015-04-23
205,0.0,2015-04-24
206,0.0,2015-04-25
207,0.0,2015-04-26
208,0.0,2015-04-27
209,-0.10775681052889143,2015-04-28
210,0.21741610765457153,2015-04-29
211,-0.13824517528216043,2015-04-30
212,0.0,2015-05-01
213,0.0,2015-05-02
214,0.0,2015-05-03
215,-0.22729097306728363,2015-05-04
216,-0.19634153445561728,2015-05-05
217,0.0,2015-05-06
218,0.17000234127044678,2015-05-07
219,-0.37354765832424164,2015-05-08
220,0.0,2015-05-09
221,0.0,2015-05-10
222,-0.3603666126728058,2015-05-11
223,0.19384557008743286,2015-05-12
224,0.0,2015-05-13
225,0.0,2015-05-14
226,-0.2696973780790965,2015-05-15
227,0.0,2015-05-16
228,0.0,2015-05-17
229,0.19966538747151694,2015-05-18
230,0.0,2015-05-19
231,-0.09752177198727925,2015-05-20
232,-0.15819606184959412,2015-05-21
233,-0.15930586059888205,2015-05-22
234,0.0,2015-05-23
235,0.0,2015-05-24
236,-0.48468804359436035,2015-05-25
237,-0.002059018611907959,2015-05-26
238,0.0,2015-05-27
239,0.0,2015-05-28
240,-0.25381067395210266,2015-05-29
241,-0.7072910070419312,2015-05-30
242,0.0,2015-05-31
243,0.0,2015-06-01
244,-0.298478901386261,2015-06-02
245,0.16587218642234802,2015-06-03
246,-0.18679654598236084,2015-06-04
247,-0.10587317943572998,2015-06-05
248,0.0,2015-06-06
249,0.0,2015-06-07
250,0.2053722937901815,2015-06-08
251,-0.039689600467681885,2015-06-09
252,0.14428816239039102,2015-06-10
253,-0.262917439142863,2015-06-11
254,-0.316743278503418,2015-06-12
255,0.0,2015-06-13
256,0.0,2015-06-14
257,0.0,2015-06-15
258,-0.17254045605659485,2015-06-16
259,0.0,2015-06-17
260,-0.11897563189268112,2015-06-18
261,0.9129503965377808,2015-06-19
262,-0.9033735990524292,2015-06-20
263,0.0,2015-06-21
264,-0.3660220205783844,2015-06-22
265,-0.28868340253829955,2015-06-23
266,-0.19719353318214417,2015-06-24
267,-0.10016121183122907,2015-06-25
268,0.0,2015-06-26
269,0.0,2015-06-27
270,0.0,2015-06-28
271,0.0,2015-06-29
272,0.0,2015-06-30
273,-0.16601125399271646,2015-07-01
274,-0.14153718948364258,2015-07-02
275,0.18611431121826172,2015-07-03
276,0.0,2015-07-04
277,0.0,2015-07-05
278,-0.2628287672996521,2015-07-06
279,0.1325799524784088,2015-07-07
280,0.0,2015-07-08
281,0.13433878620465597,2015-07-09
282,0.0,2015-07-10
283,0.0,2015-07-11
284,-0.5571631789207458,2015-07-12
285,-0.4131704270839691,2015-07-13
286,-0.1477386474609375,2015-07-14
287,-0.23477656642595926,2015-07-15
288,-0.2045530080795288,2015-07-16
289,-0.24254876375198364,2015-07-17
290,0.0,2015-07-18
291,0.0,2015-07-19
292,0.029468619823455812,2015-07-20
293,-0.010639932420518663,2015-07-21
294,-0.35660049319267273,2015-07-22
295,-0.4082713723182678,2015-07-23
296,0.0,2015-07-24
297,0.0,2015-07-25
298,0.0,2015-07-26
299,-0.1503374179204305,2015-07-27
300,0.0,2015-07-28
301,-0.2138327658176422,2015-07-29
302,-0.5607247203588486,2015-07-30
303,0.0,2015-07-31
304,-0.4696822166442871,2015-08-01
305,0.0,2015-08-02
306,-0.17611700296401978,2015-08-03
307,-0.020709827542304993,2015-08-04
308,0.0,2015-08-05
309,-0.14666194717089334,2015-08-06
310,-0.21868731081485748,2015-08-07
311,0.0,2015-08-08
312,-0.41577523946762085,2015-08-09
313,0.0,2015-08-10
314,-0.16884843111038209,2015-08-11
315,0.1058942973613739,2015-08-12
316,-0.21046213805675507,2015-08-13
317,-0.14994804859161376,2015-08-14
318,-0.3880505859851837,2015-08-15
319,0.0,2015-08-16
320,0.0,2015-08-17
321,0.0,2015-08-18
322,0.0,2015-08-19
323,-0.17164772748947144,2015-08-20
324,-0.37134771049022675,2015-08-21
325,0.0,2015-08-22
326,0.0,2015-08-23
327,-0.1287952959537506,2015-08-24
328,-0.16201128562291464,2015-08-25
329,-0.401551616191864,2015-08-26
330,0.12789979577064514,2015-08-27
331,0.0,2015-08-28
332,0.0,2015-08-29
333,0.32995933294296265,2015-08-30
334,-0.11085582772890727,2015-08-31
335,0.0,2015-09-01
336,0.13590918779373168,2015-09-02
337,-0.17283298969268798,2015-09-03
338,-0.28737791776657107,2015-09-04
339,0.0,2015-09-05
340,0.0,2015-09-06
341,0.0,2015-09-07
342,0.20474129915237427,2015-09-08
343,0.0,2015-09-09
344,0.11773125330607097,2015-09-10
345,-0.2736400365829468,2015-09-11
346,-0.7507149577140808,2015-09-12
347,-0.7507149577140808,2015-09-13
348,-0.7507149577140808,2015-09-14
349,-0.7507149577140808,2015-09-15
350,0.0,2015-09-16
351,0.1258665680885315,2015-09-17
352,0.15273745059967042,2015-09-18
353,0.0,2015-09-19
354,0.551419198513031,2015-09-20
355,-0.08148722350597382,2015-09-21
356,-0.30047476291656494,2015-09-22
357,0.0,2015-09-23
358,-0.18712078332901,2015-09-24
359,-0.305779496828715,2015-09-25
360,0.0,2015-09-26
361,0.0,2015-09-27
362,-0.12599684298038483,2015-09-28
363,-0.1345271553312029,2015-09-29
364,-0.14850796262423197,2015-09-30
365,-0.4257767051458359,2015-10-01
366,0.2992867926756541,2015-10-02
367,0.0,2015-10-03
368,0.0,2015-10-04
369,0.0,2015-10-05
370,0.2622644106547038,2015-10-06
371,0.0,2015-10-07
372,0.0,2015-10-08
373,0.0,2015-10-09
374,0.0,2015-10-10
375,0.0,2015-10-11
376,-0.12777578830718994,2015-10-12
377,0.15894336700439454,2015-10-13
378,0.0,2015-10-14
379,-0.31606117884318036,2015-10-15
380,-0.03402073681354523,2015-10-16
381,0.0,2015-10-17
382,0.0,2015-10-18
383,-0.1350018262863159,2015-10-19
384,-0.3215951124827067,2015-10-20
385,-0.1638888269662857,2015-10-21
386,0.11429775754610698,2015-10-22
387,0.15825007855892181,2015-10-23
388,0.3675629198551178,2015-10-24
389,0.0,2015-10-25
390,0.12079243659973145,2015-10-26
391,0.0,2015-10-27
392,-0.30109888315200806,2015-10-28
393,-0.13718697428703308,2015-10-29
394,-0.16564708948135376,2015-10-30
395,0.853493332862854,2015-10-31
396,0.0,2015-11-01
397,0.0,2015-11-02
398,-0.12103518417903356,2015-11-03
399,0.2143310159444809,2015-11-04
400,-0.33778431415557864,2015-11-05
401,-0.33778431415557864,2015-11-06
402,-0.33778431415557864,2015-11-07
403,-0.33778431415557864,2015-11-08
404,0.0,2015-11-09
405,-0.16172699133555093,2015-11-10
406,-0.2792321443557739,2015-11-11
407,-0.131147563457489,2015-11-12
408,0.16837335824966432,2015-11-13
409,0.0,2015-11-14
410,0.0,2015-11-15
411,-0.05008553266525269,2015-11-16
412,0.0,2015-11-17
413,0.0,2015-11-18
414,0.0,2015-11-19
415,0.0,2015-11-20
416,0.0,2015-11-21
417,0.0,2015-11-22
418,-0.14859528839588165,2015-11-23
419,-0.7663779854774475,2015-11-24
420,0.0,2015-11-25
421,-0.41812554001808167,2015-11-26
422,0.0,2015-11-27
423,0.0,2015-11-28
424,0.0,2015-11-29
425,-0.13298114538192748,2015-11-30
426,0.0,2015-12-01
427,0.0,2015-12-02
428,0.0,2015-12-03
429,-0.7593279182910919,2015-12-04
430,0.0,2015-12-05
431,0.31366755565007526,2015-12-06
432,0.021419203281402587,2015-12-07
433,-0.07858860492706299,2015-12-08
434,0.0,2015-12-09
435,0.0,2015-12-10
436,-0.13542680442333221,2015-12-11
437,-0.13542680442333221,2015-12-12
438,0.0,2015-12-13
439,0.0,2015-12-14
440,-0.6059873998165131,2015-12-15
441,0.0,2015-12-16
442,0.0,2015-12-17
443,0.0,2015-12-18
444,0.0,2015-12-19
445,0.0,2015-12-20
446,0.0,2015-12-21
447,0.0,2015-12-22
448,0.0,2015-12-23
449,0.0,2015-12-24
450,0.0,2015-12-25
451,-0.46479833126068115,2015-12-26
452,0.0,2015-12-27
453,0.0,2015-12-28
454,-0.425808846950531,2015-12-29
455,0.0,2015-12-30
456,-0.8604159355163574,2015-12-31
457,0.0,2016-01-01
458,0.0,2016-01-02
459,0.0,2016-01-03
460,0.0,2016-01-04
461,-0.36124204099178314,2016-01-05
462,0.19545838236808777,2016-01-06
463,-0.30981922149658203,2016-01-07
464,-0.13456677198410033,2016-01-08
465,0.0,2016-01-09
466,0.0,2016-01-10
467,-0.25471513271331786,2016-01-11
468,-0.8818846344947815,2016-01-12
469,0.0,2016-01-13
470,-0.27266865968704224,2016-01-14
471,-0.6047196090221405,2016-01-15
472,0.0,2016-01-16
473,0.0,2016-01-17
474,0.0,2016-01-18
475,0.0,2016-01-19
476,0.0,2016-01-20
477,0.0,2016-01-21
478,-0.3436838984489441,2016-01-22
479,0.4602010250091553,2016-01-23
480,0.4602010250091553,2016-01-24
481,0.0,2016-01-25
482,0.06726378628185817,2016-01-26
483,0.0,2016-01-27
484,-0.2063011328379313,2016-01-28
485,0.0,2016-01-29
486,0.0,2016-01-30
487,0.7759108543395996,2016-01-31
488,0.11069389581680297,2016-02-01
489,0.25873124599456787,2016-02-02
490,0.12980084121227264,2016-02-03
491,-0.0015248537063598632,2016-02-04
492,0.0,2016-02-05
493,0.0,2016-02-06
494,0.0,2016-02-07
495,-0.4574039876461029,2016-02-08
496,0.0,2016-02-09
497,0.0,2016-02-10
498,0.0,2016-02-11
499,-0.20437361299991608,2016-02-12
500,0.0,2016-02-13
501,0.0,2016-02-14
502,-0.2833518187204997,2016-02-15
503,0.0869749387105306,2016-02-16
504,0.0,2016-02-17
505,0.0,2016-02-18
506,0.2863084077835083,2016-02-19
507,0.0,2016-02-20
508,0.0,2016-02-21
509,0.0,2016-02-22
510,0.1290757656097412,2016-02-23
511,-0.14013992249965668,2016-02-24
512,0.0,2016-02-25
513,-0.2033151388168335,2016-02-26
514,-0.3379893898963928,2016-02-27
515,0.0,2016-02-28
516,0.25267233451207477,2016-02-29
517,0.0,2016-03-01
518,0.0,2016-03-02
519,-0.2788392702738444,2016-03-03
520,-0.290196031332016,2016-03-04
521,-0.2936406135559082,2016-03-05
522,0.0,2016-03-06
523,-0.21698474884033203,2016-03-07
524,0.23645833134651184,2016-03-08
525,-0.23968365788459778,2016-03-09
526,0.1931978315114975,2016-03-10
527,0.0288698673248291,2016-03-11
528,0.0,2016-03-12
529,0.0,2016-03-13
530,-0.04943108558654785,2016-03-14
531,-0.189188614487648,2016-03-15
532,0.0,2016-03-16
533,0.0,2016-03-17
534,0.0,2016-03-18
535,0.0,2016-03-19
536,0.0,2016-03-20
537,0.0,2016-03-21
538,0.0,2016-03-22
539,0.0,2016-03-23
540,0.0,2016-03-24
541,-0.19879008829593658,2016-03-25
542,0.0,2016-03-26
543,0.21204796433448792,2016-03-27
544,0.0,2016-03-28
545,0.0,2016-03-29
546,-0.19237405061721802,2016-03-30
547,0.1827483892440796,2016-03-31
548,-0.23873685002326966,2016-04-01
549,0.0,2016-04-02
550,0.0,2016-04-03
551,-0.119961678981781,2016-04-04
552,0.0,2016-04-05
553,0.19744773209095,2016-04-06
554,0.0,2016-04-07
555,-0.16597317457199096,2016-04-08
556,0.0,2016-04-09
557,0.0,2016-04-10
558,0.0,2016-04-11
559,-0.2161203080957586,2016-04-12
560,0.0,2016-04-13
561,0.0,2016-04-14
562,0.0,2016-04-15
563,0.0,2016-04-16
564,0.0,2016-04-17
565,-0.026304513216018677,2016-04-18
566,0.0,2016-04-19
567,-0.21048866212368011,2016-04-20
568,-0.1339354157447815,2016-04-21
569,0.15920209884643555,2016-04-22
570,0.0,2016-04-23
571,-0.2738434970378876,2016-04-24
572,0.11328696012496949,2016-04-25
573,0.1901784141858419,2016-04-26
574,0.0,2016-04-27
575,-0.2828654448191325,2016-04-28
576,-0.15960652629534403,2016-04-29
577,0.0,2016-04-30
578,0.0,2016-05-01
579,0.0,2016-05-02
580,0.10549050569534302,2016-05-03
581,-0.1610995332400004,2016-05-04
582,-0.1562306761741638,2016-05-05
583,-0.0797336498896281,2016-05-06
584,0.0,2016-05-07
585,0.0,2016-05-08
586,0.0,2016-05-09
587,0.0,2016-05-10
588,0.0,2016-05-11
589,-0.21099897225697836,2016-05-12
590,-0.24052736163139343,2016-05-13
591,0.0,2016-05-14
592,0.0,2016-05-15
593,-0.11678841114044189,2016-05-16
594,0.0,2016-05-17
595,-0.3721574395895004,2016-05-18
596,-0.3029870589574178,2016-05-19
597,-0.22016273438930511,2016-05-20
598,0.0,2016-05-21
599,0.0,2016-05-22
600,-0.7017253637313843,2016-05-23
601,-0.28126539786656696,2016-05-24
602,0.3303814470767975,2016-05-25
603,0.0,2016-05-26
604,-0.28196444114049274,2016-05-27
605,-0.28196444114049274,2016-05-28
606,0.41235512495040894,2016-05-29
607,0.0,2016-05-30
608,0.0,2016-05-31
609,0.0,2016-06-01
610,0.2636606693267822,2016-06-02
611,0.2671216785907745,2016-06-03
612,-0.4161252975463867,2016-06-04
613,0.0,2016-06-05
614,-0.3954699635505676,2016-06-06
615,0.0,2016-06-07
616,0.25395097335179645,2016-06-08
617,0.0,2016-06-09
618,0.0,2016-06-10
619,0.0,2016-06-11
620,0.0,2016-06-12
621,0.22368451952934265,2016-06-13
622,0.07645480334758759,2016-06-14
623,-0.30751880009969074,2016-06-15
624,0.0,2016-06-16
625,0.2199912428855896,2016-06-17
626,0.0,2016-06-18
627,0.0,2016-06-19
628,0.09882558584213257,2016-06-20
629,-0.07328808307647705,2016-06-21
630,-0.1845146656036377,2016-06-22
631,-0.06667554378509521,2016-06-23
632,0.060659741361935936,2016-06-24
633,0.0,2016-06-25
634,0.0,2016-06-26
635,0.18802548944950104,2016-06-27
636,0.0,2016-06-28
637,-0.04832836389541626,2016-06-29
638,0.17469508945941925,2016-06-30
639,-0.6040340662002563,2016-07-01
640,0.0,2016-07-02
641,0.0,2016-07-03
642,0.0,2016-07-04
643,0.035944099937166483,2016-07-05
644,-0.1769853115081787,2016-07-06
645,0.06354751586914062,2016-07-07
646,-0.6078259199857712,2016-07-08
647,-0.6078259199857712,2016-07-09
648,-0.6078259199857712,2016-07-10
649,-0.6078259199857712,2016-07-11
650,0.0,2016-07-12
651,0.0,2016-07-13
652,-0.23879732688268027,2016-07-14
653,0.2438387076059977,2016-07-15
654,-0.8838275671005249,2016-07-16
655,-0.912186324596405,2016-07-17
656,0.0,2016-07-18
657,0.3361093997955322,2016-07-19
658,0.0,2016-07-20
659,-0.3354778289794922,2016-07-21
660,0.0,2016-07-22
661,0.0,2016-07-23
662,0.0,2016-07-24
663,-0.2052210569381714,2016-07-25
664,0.30086257060368854,2016-07-26
665,0.18067215170179093,2016-07-27
666,-0.12706425189971923,2016-07-28
667,-0.17314308881759644,2016-07-29
668,0.0,2016-07-30
669,0.0,2016-07-31
670,0.0,2016-08-01
671,-0.6144227186838785,2016-08-02
672,-0.014304200808207193,2016-08-03
673,-0.24709731340408325,2016-08-04
674,0.0,2016-08-05
675,0.37075337767601013,2016-08-06
676,0.0,2016-08-07
677,0.0,2016-08-08
678,-0.5130844513575236,2016-08-09
679,-0.44089654088020325,2016-08-10
680,-0.44089654088020325,2016-08-11
681,-0.44089654088020325,2016-08-12
682,0.0,2016-08-13
683,-0.8910451531410217,2016-08-14
684,0.0,2016-08-15
685,-0.35315990447998047,2016-08-16
686,-0.2705835998058319,2016-08-17
687,-0.16904075940450033,2016-08-18
688,-0.16440075635910034,2016-08-19
689,0.0,2016-08-20
690,0.0,2016-08-21
691,-0.4751637876033783,2016-08-22
692,0.0,2016-08-23
693,0.2746044198671977,2016-08-24
694,0.0,2016-08-25
695,-0.20410916209220886,2016-08-26
696,-0.20410916209220886,2016-08-27
697,0.0,2016-08-28
698,-0.17056988179683685,2016-08-29
699,-0.17056988179683685,2016-08-30
700,0.21343934535980225,2016-08-31
701,0.0,2016-09-01
702,0.0,2016-09-02
703,0.0,2016-09-03
704,0.0,2016-09-04
705,0.0,2016-09-05
706,0.0,2016-09-06
707,0.0,2016-09-07
708,-0.00114669402440389,2016-09-08
709,0.15863449374834696,2016-09-09
710,0.0,2016-09-10
711,0.0,2016-09-11
712,-0.2784393827120463,2016-09-12
713,-0.09290330277548896,2016-09-13
714,-0.6219839056332906,2016-09-14
715,0.0,2016-09-15
716,0.0,2016-09-16
717,0.0,2016-09-17
718,0.0,2016-09-18
719,0.0,2016-09-19
720,0.0,2016-09-20
721,-0.284671425819397,2016-09-21
722,-0.757879634698232,2016-09-22
723,0.0,2016-09-23
724,0.0,2016-09-24
725,0.0,2016-09-25
726,0.0,2016-09-26
727,0.0,2016-09-27
728,0.0,2016-09-28
729,0.1627743343512217,2016-09-29
730,-0.3237014412879944,2016-09-30
731,0.0,2016-10-01
732,-0.41620901226997375,2016-10-02
733,0.0,2016-10-03
734,-0.39855945110321045,2016-10-04
735,0.0,2016-10-05
736,-0.30684611201286316,2016-10-06
737,0.0,2016-10-07
738,0.0,2016-10-08
739,0.0,2016-10-09
740,0.0,2016-10-10
741,-0.0028323928515116372,2016-10-11
742,-0.11597177982330323,2016-10-12
743,0.0,2016-10-13
744,0.7428474426269531,2016-10-14
745,0.0,2016-10-15
746,0.0,2016-10-16
747,0.0,2016-10-17
748,0.0,2016-10-18
749,0.0,2016-10-19
750,-0.0558184027671814,2016-10-20
751,-0.3096628586451213,2016-10-21
752,0.0,2016-10-22
753,0.0,2016-10-23
754,0.0,2016-10-24
755,-0.3669617772102356,2016-10-25
756,0.13547779619693756,2016-10-26
757,0.13547779619693756,2016-10-27
758,-0.39656171202659607,2016-10-28
759,0.4636022448539734,2016-10-29
760,0.0,2016-10-30
761,0.0,2016-10-31
762,0.37803688645362854,2016-11-01
763,-0.20009581744670868,2016-11-02
764,-0.24226011335849762,2016-11-03
765,0.0,2016-11-04
766,-0.4482957124710083,2016-11-05
767,0.0,2016-11-06
768,0.0,2016-11-07
769,0.09889717612947736,2016-11-08
770,-0.16555258631706238,2016-11-09
771,0.0,2016-11-10
772,0.16803370416164398,2016-11-11
773,-0.43866875767707825,2016-11-12
774,0.0,2016-11-13
775,0.10475859642028809,2016-11-14
776,0.0,2016-11-15
777,-0.07084248065948487,2016-11-16
778,-0.3353867769241333,2016-11-17
779,0.1326509714126587,2016-11-18
780,-0.27631938457489014,2016-11-19
781,0.0,2016-11-20
782,0.0,2016-11-21
783,0.02350069284439087,2016-11-22
784,0.02350069284439087,2016-11-23
785,0.02350069284439087,2016-11-24
786,0.02350069284439087,2016-11-25
787,0.02350069284439087,2016-11-26
788,0.02350069284439087,2016-11-27
789,-0.20493799448013306,2016-11-28
790,-0.5082584619522095,2016-11-29
791,0.0,2016-11-30
792,-0.015285740296045939,2016-12-01
793,0.0,2016-12-02
794,0.43670177459716797,2016-12-03
795,0.0,2016-12-04
796,0.0,2016-12-05
797,-0.2971862554550171,2016-12-06
798,-0.19200921058654785,2016-12-07
799,0.14043240745862326,2016-12-08
800,0.0,2016-12-09
801,-0.48605385422706604,2016-12-10
802,-0.5490533113479614,2016-12-11
803,0.25280940532684326,2016-12-12
804,0.223335400223732,2016-12-13
805,0.09689095020294189,2016-12-14
806,0.28312680721282957,2016-12-15
807,-0.47637659311294556,2016-12-16
808,0.4735974967479706,2016-12-17
809,0.4735974967479706,2016-12-18
810,0.0,2016-12-19
811,-0.4839344620704651,2016-12-20
812,0.43542659282684326,2016-12-21
813,0.3130345145861308,2016-12-22
814,0.3419389873743057,2016-12-23
815,0.3419389873743057,2016-12-24
816,0.3419389873743057,2016-12-25
817,0.3419389873743057,2016-12-26
818,0.0,2016-12-27
819,0.2675108313560486,2016-12-28
820,0.0,2016-12-29
821,0.0,2016-12-30
822,0.0,2016-12-31
823,0.0,2017-01-01
824,0.0,2017-01-02
825,0.26577266057332355,2017-01-03
826,0.15724365711212157,2017-01-04
827,0.2600723206996918,2017-01-05
828,-0.23269149661064148,2017-01-06
829,-0.17214618623256683,2017-01-07
830,-0.17214618623256683,2017-01-08
831,-0.1603351334730784,2017-01-09
832,0.12587963541348776,2017-01-10
833,-0.21645410193337333,2017-01-11
834,-0.3345842659473419,2017-01-12
835,-0.1863031472478594,2017-01-13
836,-0.4839019179344177,2017-01-14
837,0.0,2017-01-15
838,-0.1375108242034912,2017-01-16
839,0.15862449774375328,2017-01-17
840,-0.19247791767120362,2017-01-18
841,-0.7617554664611816,2017-01-19
842,-0.7617554664611816,2017-01-20
843,-0.7617554664611816,2017-01-21
844,0.0,2017-01-22
845,-0.17773922781149545,2017-01-23
846,-0.041834235191345215,2017-01-24
847,-0.7568919777870178,2017-01-25
848,0.047385195891062416,2017-01-26
849,-0.1943833589553833,2017-01-27
850,-0.3038296103477478,2017-01-28
851,0.0,2017-01-29
852,-0.019874682029088337,2017-01-30
853,0.023807168006896973,2017-01-31
854,0.0,2017-02-01
855,0.16724679867426553,2017-02-02
856,-0.11216760533196586,2017-02-03
857,0.4611070454120636,2017-02-04
858,0.0,2017-02-05
859,0.0,2017-02-06
860,-0.04166559875011444,2017-02-07
861,-0.2584776480992635,2017-02-08
862,-0.37052609192000496,2017-02-09
863,-0.37052609192000496,2017-02-10
864,-0.37052609192000496,2017-02-11
865,-0.37052609192000496,2017-02-12
866,-0.7712509632110596,2017-02-13
867,0.04763518060956683,2017-02-14
868,0.0,2017-02-15
869,-0.2212192075593131,2017-02-16
870,-0.2502937061446054,2017-02-17
871,-0.2502937061446054,2017-02-18
872,-0.2518758773803711,2017-02-19
873,-0.2242847482363383,2017-02-20
874,0.04267318248748779,2017-02-21
875,-0.12650448083877563,2017-02-22
876,-0.007264869553702218,2017-02-23
877,-0.14499001701672873,2017-02-24
878,-0.2524118423461914,2017-02-25
879,0.0,2017-02-26
880,-0.20417024195194244,2017-02-27
881,0.46042464176813763,2017-02-28
882,0.18552464246749878,2017-03-01
883,0.01653510332107544,2017-03-02
884,0.1342804789543152,2017-03-03
885,-0.30014493068059284,2017-03-04
886,0.0,2017-03-05
887,-0.1716223806142807,2017-03-06
888,-0.1716223806142807,2017-03-07
889,0.13109408617019652,2017-03-08
890,-0.11667695641517639,2017-03-09
891,-0.17668259685689752,2017-03-10
892,0.0,2017-03-11
893,0.0,2017-03-12
894,-0.15364784853799002,2017-03-13
895,-0.4741277813911438,2017-03-14
896,-0.12766976867403304,2017-03-15
897,0.1186303198337555,2017-03-16
898,-0.02108168601989746,2017-03-17
899,-0.324220875898997,2017-03-18
900,-0.4320397973060608,2017-03-19
901,-0.2723754899842398,2017-03-20
902,-0.20550735791524252,2017-03-21
903,-0.2607705195744832,2017-03-22
904,-0.040795628841106706,2017-03-23
905,-0.35309962183237076,2017-03-24
906,0.0,2017-03-25
907,0.0,2017-03-26
908,0.0,2017-03-27
909,0.0,2017-03-28
910,-0.9083924293518066,2017-03-29
911,0.0,2017-03-30
912,-0.12656387090682983,2017-03-31
913,0.09712621569633484,2017-04-01
914,0.0,2017-04-02
915,-0.07335662841796875,2017-04-03
916,0.0,2017-04-04
917,0.0,2017-04-05
918,0.18829709788163504,2017-04-06
919,-0.22027961909770966,2017-04-07
920,0.0,2017-04-08
921,0.0,2017-04-09
922,-0.06010634899139404,2017-04-10
923,-0.023671011130015056,2017-04-11
924,0.0,2017-04-12
925,0.11145977675914764,2017-04-13
926,0.0,2017-04-14
927,0.0,2017-04-15
928,0.0,2017-04-16
929,-0.08328618453099178,2017-04-17
930,0.0,2017-04-18
931,0.4956017732620239,2017-04-19
932,0.4956017732620239,2017-04-20
933,0.3726399391889572,2017-04-21
934,0.0,2017-04-22
935,0.0,2017-04-23
936,0.0,2017-04-24
937,0.10032562414805095,2017-04-25
938,-0.2711193561553955,2017-04-26
939,-0.033213213086128235,2017-04-27
940,-0.12235297759373982,2017-04-28
941,0.0,2017-04-29
942,0.0,2017-04-30
943,0.4403448019708906,2017-05-01
944,0.4143702834844589,2017-05-02
945,-0.1846677859624227,2017-05-03
946,0.1588753362496694,2017-05-04
947,0.17387688159942627,2017-05-05
948,0.0,2017-05-06
949,-0.5312432646751404,2017-05-07
950,-0.0026335835456848143,2017-05-08
951,0.26425693716321674,2017-05-09
952,0.33785622119903563,2017-05-10
953,0.3140428066253662,2017-05-11
954,-0.323469082514445,2017-05-12
955,-0.323469082514445,2017-05-13
956,-0.323469082514445,2017-05-14
957,-0.323469082514445,2017-05-15
958,0.0,2017-05-16
959,0.10519865155220032,2017-05-17
960,0.345853716135025,2017-05-18
961,0.07212352752685547,2017-05-19
962,0.24155048529307047,2017-05-20
963,0.0,2017-05-21
964,0.06225928068161011,2017-05-22
965,0.05554310811890496,2017-05-23
966,-0.0058378179868062334,2017-05-24
967,-0.32115283608436584,2017-05-25
968,0.008290370305379232,2017-05-26
969,0.008290370305379232,2017-05-27
970,0.0,2017-05-28
971,0.0,2017-05-29
972,-0.29161755243937176,2017-05-30
973,0.18281254917383194,2017-05-31
974,-0.15778684616088867,2017-06-01
975,0.1615451455116272,2017-06-02
976,-0.2758195400238037,2017-06-03
977,0.0,2017-06-04
978,0.0,2017-06-05
979,0.1949867784976959,2017-06-06
980,0.09139821926752727,2017-06-07
981,0.09139821926752727,2017-06-08
982,0.0,2017-06-09
983,0.31199201941490173,2017-06-10
984,0.025858759880065918,2017-06-11
985,-0.5703936591744423,2017-06-12
986,-0.039505815505981444,2017-06-13
987,-0.14408759027719498,2017-06-14
988,-0.27516530752182006,2017-06-15
989,0.0,2017-06-16
990,0.0,2017-06-17
991,-0.2587420344352722,2017-06-18
992,0.3132243871688843,2017-06-19
993,0.0,2017-06-20
994,-0.38211855888366697,2017-06-21
995,0.26248862346013385,2017-06-22
996,-0.2309958040714264,2017-06-23
997,0.0,2017-06-24
998,0.0,2017-06-25
999,-0.6887711435556412,2017-06-26
1000,-0.20336958765983582,2017-06-27
1001,-0.11814476052920024,2017-06-28
1002,0.2316573749889027,2017-06-29
1003,-0.4239841302235921,2017-06-30
1004,0.0,2017-07-01
1005,0.0,2017-07-02
1006,0.0,2017-07-03
1007,0.0,2017-07-04
1008,0.0,2017-07-05
1009,0.0,2017-07-06
1010,0.0,2017-07-07
1011,0.0,2017-07-08
1012,0.0,2017-07-09
1013,-0.11558878421783447,2017-07-10
1014,-0.4268186688423157,2017-07-11
1015,0.0,2017-07-12
1016,-0.09026751667261124,2017-07-13
1017,-0.19612299650907516,2017-07-14
1018,-0.32513360182444256,2017-07-15
1019,-0.9745898842811584,2017-07-16
1020,-0.08023841381072998,2017-07-17
1021,-0.268704225619634,2017-07-18
1022,0.0,2017-07-19
1023,-0.013330185413360595,2017-07-20
1024,0.023949041962623596,2017-07-21
1025,0.0,2017-07-22
1026,0.0,2017-07-23
1027,0.0,2017-07-24
1028,-0.1701770850590297,2017-07-25
1029,0.0,2017-07-26
1030,-0.2599073847134908,2017-07-27
1031,-0.10316158086061478,2017-07-28
1032,0.0,2017-07-29
1033,0.0,2017-07-30
1034,-0.256190724670887,2017-07-31
1035,-0.08873105049133301,2017-08-01
1036,-0.12897653239113943,2017-08-02
1037,0.0,2017-08-03
1038,0.0,2017-08-04
1039,0.3045859932899475,2017-08-05
1040,0.0,2017-08-06
1041,-0.040267493575811386,2017-08-07
1042,0.13345446756907872,2017-08-08
1043,0.2046818814494393,2017-08-09
1044,0.0,2017-08-10
1045,0.2877988474709647,2017-08-11
1046,-0.46570712327957153,2017-08-12
1047,-0.46570712327957153,2017-08-13
1048,0.0,2017-08-14
1049,-0.288112111389637,2017-08-15
1050,-0.19507379531860353,2017-08-16
1051,0.18506804439756605,2017-08-17
1052,0.0,2017-08-18
1053,-0.008000055948893229,2017-08-19
1054,-0.9517472386360168,2017-08-20
1055,0.4052322705586751,2017-08-21
1056,-0.36819606167929514,2017-08-22
1057,0.04862639733723232,2017-08-23
1058,-0.24690823753674826,2017-08-24
1059,0.06063607335090637,2017-08-25
1060,0.0,2017-08-26
1061,0.0,2017-08-27
1062,-0.3610753317674001,2017-08-28
1063,0.2966718123509334,2017-08-29
1064,-0.15107479691505432,2017-08-30
1065,-0.15107479691505432,2017-08-31
1066,-0.1021618161882673,2017-09-01
1067,-0.6342481374740601,2017-09-02
1068,-0.4542037844657898,2017-09-03
1069,-0.19786428411801657,2017-09-04
1070,-0.3493389666080475,2017-09-05
1071,-0.07506917715072632,2017-09-06
1072,-0.22710248827934265,2017-09-07
1073,-0.13902252061026438,2017-09-08
1074,-0.13902252061026438,2017-09-09
1075,0.0,2017-09-10
1076,-0.3994332055250804,2017-09-11
1077,-0.3636722101105584,2017-09-12
1078,-0.5959770977497101,2017-09-13
1079,-0.5188022000449044,2017-09-14
1080,-0.470684572270042,2017-09-15
1081,0.0,2017-09-16
1082,0.0,2017-09-17
1083,0.035147388776143394,2017-09-18
1084,0.0,2017-09-19
1085,-0.12357076009114583,2017-09-20
1086,-0.23140773177146912,2017-09-21
1087,-0.21936388313770294,2017-09-22
1088,0.0,2017-09-23
1089,0.0,2017-09-24
1090,-0.19276394844055175,2017-09-25
1091,-0.07222318649291992,2017-09-26
1092,0.017448633909225464,2017-09-27
1093,-0.13766273430415563,2017-09-28
1094,-0.07528148591518402,2017-09-29
1095,0.0,2017-09-30
1096,0.50897616147995,2017-10-01
1097,-0.2671244243780772,2017-10-02
1098,-0.19898593425750732,2017-10-03
1099,-0.17809180915355682,2017-10-04
1100,0.0,2017-10-05
1101,-0.799861341714859,2017-10-06
1102,0.0,2017-10-07
1103,0.0,2017-10-08
1104,-0.19608141978581747,2017-10-09
1105,-0.4404093126455943,2017-10-10
1106,-0.29733390733599663,2017-10-11
1107,0.10917616883913676,2017-10-12
1108,0.0031321197748184204,2017-10-13
1109,0.0,2017-10-14
1110,0.0,2017-10-15
1111,0.18870340074811662,2017-10-16
1112,0.20939027411597116,2017-10-17
1113,-0.3001857250928879,2017-10-18
1114,0.009668830782175064,2017-10-19
1115,0.08912768534251622,2017-10-20
1116,0.0,2017-10-21
1117,0.0,2017-10-22
1118,-0.5269530036232688,2017-10-23
1119,-0.20188223464148386,2017-10-24
1120,0.2471875697374344,2017-10-25
1121,-0.21246057748794556,2017-10-26
1122,-0.017759665846824646,2017-10-27
1123,-0.2719739079475403,2017-10-28
1124,0.8163801431655884,2017-10-29
1125,0.04913249611854553,2017-10-30
1126,-0.31557550430297854,2017-10-31
1127,0.18916388750076293,2017-11-01
1128,0.09606103386197772,2017-11-02
1129,0.020525563846934925,2017-11-03
1130,0.020525563846934925,2017-11-04
1131,0.0,2017-11-05
1132,-0.22711921135584515,2017-11-06
1133,-0.31828629970550537,2017-11-07
1134,-0.3536908030509949,2017-11-08
1135,-0.26111413538455963,2017-11-09
1136,-0.24470422168572745,2017-11-10
1137,0.0,2017-11-11
1138,-0.31468915939331055,2017-11-12
1139,-0.055897220969200134,2017-11-13
1140,-0.2802589237689972,2017-11-14
1141,-0.23929163482454088,2017-11-15
1142,-0.1311324934164683,2017-11-16
1143,-0.1436070203781128,2017-11-17
1144,-0.4690404236316681,2017-11-18
1145,0.0,2017-11-19
1146,-0.005049300193786621,2017-11-20
1147,-0.07684190649735301,2017-11-21
1148,-0.6621830463409424,2017-11-22
1149,0.42557212710380554,2017-11-23
1150,0.26559879382451373,2017-11-24
1151,0.9281686544418335,2017-11-25
1152,0.4397360384464264,2017-11-26
1153,0.24885793328285216,2017-11-27
1154,-0.05962877111001448,2017-11-28
1155,-0.0310695618391037,2017-11-29
1156,-0.1897581328045238,2017-11-30
1157,0.057452627023061115,2017-12-01
1158,0.057452627023061115,2017-12-02
1159,0.9040647745132446,2017-12-03
1160,-0.40205793721335276,2017-12-04
1161,-0.057475495338439944,2017-12-05
1162,0.35536346435546873,2017-12-06
1163,-0.3048296996525356,2017-12-07
1164,-0.3114560494820277,2017-12-08
1165,0.0,2017-12-09
1166,-0.48742371797561646,2017-12-10
1167,0.1930447816848755,2017-12-11
1168,0.05578906408378056,2017-12-12
1169,0.05136151497180645,2017-12-13
1170,-0.17888565361499786,2017-12-14
1171,-0.22316015362739564,2017-12-15
1172,0.0,2017-12-16
1173,0.4419877231121063,2017-12-17
1174,-0.3263265073299408,2017-12-18
1175,-0.9227867722511292,2017-12-19
1176,-0.24689531922340394,2017-12-20
1177,-0.17835914492607116,2017-12-21
1178,-0.48154380172491074,2017-12-22
1179,0.0,2017-12-23
1180,0.0,2017-12-24
1181,0.0,2017-12-25
1182,0.0,2017-12-26
1183,-0.12930291891098022,2017-12-27
1184,-0.13128549853960672,2017-12-28
1185,-0.22777230398995535,2017-12-29
1186,0.13665913045406342,2017-12-30
1187,-0.050322587291399636,2017-12-31
1188,0.0,2018-01-01
1189,-0.09740456938743591,2018-01-02
1190,-0.08219827711582184,2018-01-03
1191,-0.32686036137434155,2018-01-04
1192,-0.23177027160471136,2018-01-05
1193,-0.22157361110051474,2018-01-06
1194,0.0,2018-01-07
1195,-0.44153212755918503,2018-01-08
1196,-0.43840027451515196,2018-01-09
1197,-0.3313143497163599,2018-01-10
1198,-0.1827901303768158,2018-01-11
1199,-0.39020216862360635,2018-01-12
1200,0.0,2018-01-13
1201,0.0,2018-01-14
1202,-0.3188629448413849,2018-01-15
1203,-0.2169729471206665,2018-01-16
1204,-0.47583305835723877,2018-01-17
1205,0.08705715622220721,2018-01-18
1206,-0.045511817932128905,2018-01-19
1207,0.0,2018-01-20
1208,0.0,2018-01-21
1209,-0.5351361751556396,2018-01-22
1210,-0.42285172641277313,2018-01-23
1211,-0.13512547148598564,2018-01-24
1212,-0.04833228886127472,2018-01-25
1213,-0.544667661190033,2018-01-26
1214,-0.26140594482421875,2018-01-27
1215,0.0,2018-01-28
1216,-0.10130647321542104,2018-01-29
1217,-0.15431734919548035,2018-01-30
1218,-0.133946493268013,2018-01-31
1219,-0.3609948679804802,2018-02-01
1220,-0.5219130925834179,2018-02-02
1221,-0.4822588264942169,2018-02-03
1222,0.0,2018-02-04
1223,-0.41335147619247437,2018-02-05
1224,-0.31285202503204346,2018-02-06
1225,-0.19120338984898158,2018-02-07
1226,-0.21900915015827527,2018-02-08
1227,-0.22550120523997716,2018-02-09
1228,0.7712274789810181,2018-02-10
1229,0.0,2018-02-11
1230,-0.2305957019329071,2018-02-12
1231,-0.2305957019329071,2018-02-13
1232,0.18984977006912232,2018-02-14
1233,0.2730904287762112,2018-02-15
1234,-0.13714134151285345,2018-02-16
1235,0.0,2018-02-17
1236,0.0,2018-02-18
1237,-0.42613809555768967,2018-02-19
1238,0.1676599144935608,2018-02-20
1239,-0.5575334003993443,2018-02-21
1240,-0.41638216707441544,2018-02-22
1241,-0.26335266828536985,2018-02-23
1242,0.0,2018-02-24
1243,0.0,2018-02-25
1244,-0.14602081690515792,2018-02-26
1245,-0.002427913248538971,2018-02-27
1246,-0.24069926142692566,2018-02-28
1247,-0.49317092448472977,2018-03-01
1248,-0.35403787006031384,2018-03-02
1249,-0.9326131343841553,2018-03-03
1250,0.0,2018-03-04
1251,-0.2283295284618031,2018-03-05
1252,-0.28248440225919086,2018-03-06
1253,-0.400213885307312,2018-03-07
1254,-0.20232640779935396,2018-03-08
1255,-0.2874144673347473,2018-03-09
1256,-0.9047548174858093,2018-03-10
1257,0.0,2018-03-11
1258,-0.24935958782831827,2018-03-12
1259,0.0,2018-03-13
1260,-0.4758827198635448,2018-03-14
1261,-0.1921139419078827,2018-03-15
1262,-0.27288565039634705,2018-03-16
1263,0.0,2018-03-17
1264,0.0,2018-03-18
1265,-0.14301262583051408,2018-03-19
1266,-0.16197288036346436,2018-03-20
1267,-0.2707713475594154,2018-03-21
1268,-0.17901456356048584,2018-03-22
1269,-0.07732823491096497,2018-03-23
1270,0.0,2018-03-24
1271,0.0,2018-03-25
1272,-0.3341648802161217,2018-03-26
1273,-0.26328301429748535,2018-03-27
1274,-0.23907922208309174,2018-03-28
1275,-0.359683133661747,2018-03-29
1276,-0.5450374058314732,2018-03-30
1277,0.0,2018-03-31
1278,0.0,2018-04-01
1279,-0.24764037983758108,2018-04-02
1280,-0.3057475553618537,2018-04-03
1281,-0.4207764400376214,2018-04-04
1282,-0.22412285208702087,2018-04-05
1283,-0.3192944689230485,2018-04-06
1284,-0.49637556076049805,2018-04-07
1285,0.0,2018-04-08
1286,-0.09452571719884872,2018-04-09
1287,-0.17929733991622926,2018-04-10
1288,-0.31799421707789105,2018-04-11
1289,-0.19183515508969626,2018-04-12
1290,-0.40261682868003845,2018-04-13
1291,0.0,2018-04-14
1292,0.0,2018-04-15
1293,-0.4401765333281623,2018-04-16
1294,-0.1672298789024353,2018-04-17
1295,-0.3818255364894867,2018-04-18
1296,0.07806734244028728,2018-04-19
1297,-0.19346651766035292,2018-04-20
1298,0.780912458896637,2018-04-21
1299,0.0,2018-04-22
1300,-0.23298765222231546,2018-04-23
1301,-0.20357343379188986,2018-04-24
1302,-0.6063569188117981,2018-04-25
1303,-0.6063569188117981,2018-04-26
1304,-0.3129837989807129,2018-04-27
1305,0.0,2018-04-28
1306,0.0,2018-04-29
1307,-0.08863111053194318,2018-04-30
1308,-0.18261370062828064,2018-05-01
1309,-0.02403933306535085,2018-05-02
1310,-0.34711963435014087,2018-05-03
1311,0.02439684338039822,2018-05-04
1312,0.0,2018-05-05
1313,0.0,2018-05-06
1314,-0.2884790375828743,2018-05-07
1315,-0.3386890207018171,2018-05-08
1316,-0.011741995811462402,2018-05-09
1317,-0.13567030429840088,2018-05-10
1318,-0.16379734128713608,2018-05-11
1319,0.0,2018-05-12
1320,0.0,2018-05-13
1321,0.0,2018-05-14
1322,-0.09499528259038925,2018-05-15
1323,-0.5658660332361857,2018-05-16
1324,-0.26670005917549133,2018-05-17
1325,-0.5303906400998434,2018-05-18
1326,0.0,2018-05-19
1327,0.0,2018-05-20
1328,-0.3424350553088718,2018-05-21
1329,-0.08605409520012992,2018-05-22
1330,-0.38164736032485963,2018-05-23
1331,-0.19227984878751966,2018-05-24
1332,-0.6330749750137329,2018-05-25
1333,0.0,2018-05-26
1334,0.0,2018-05-27
1335,-0.24004030227661133,2018-05-28
1336,-0.2977983610970633,2018-05-29
1337,-0.2116938829421997,2018-05-30
1338,0.1406368911266327,2018-05-31
1339,-0.38121243715286257,2018-06-01
1340,0.0,2018-06-02
1341,0.0,2018-06-03
1342,0.0,2018-06-04
1343,0.0,2018-06-05
1344,0.46252739429473877,2018-06-06
1345,0.19781433045864105,2018-06-07
1346,-0.31330440441767377,2018-06-08
1347,0.0,2018-06-09
1348,0.0,2018-06-10
1349,-0.4793790645069546,2018-06-11
1350,-0.2577607887131827,2018-06-12
1351,-0.2793158425225152,2018-06-13
1352,-0.12811865078078377,2018-06-14
1353,-0.05132734775543213,2018-06-15
1354,-0.2835150361061096,2018-06-16
1355,0.0,2018-06-17
1356,0.1382676124572754,2018-06-18
1357,0.08054749667644501,2018-06-19
1358,-0.014397506912549337,2018-06-20
1359,-0.10377950327736991,2018-06-21
1360,-0.5965252995491028,2018-06-22
1361,0.0,2018-06-23
1362,0.0,2018-06-24
1363,-0.4771017022430897,2018-06-25
1364,-0.14624729255835214,2018-06-26
1365,-0.40536742550986155,2018-06-27
1366,-0.34785059094429016,2018-06-28
1367,-0.5499748468399048,2018-06-29
1368,0.0,2018-06-30
1369,-0.2569677233695984,2018-07-01
1370,-0.09544555346171062,2018-07-02
1371,-0.2544677972793579,2018-07-03
1372,-0.8676796754201254,2018-07-04
1373,-0.14616090059280396,2018-07-05
1374,-0.3732701275083754,2018-07-06
1375,-0.3732701275083754,2018-07-07
1376,0.0,2018-07-08
1377,0.2892187833786011,2018-07-09
1378,-0.405937780936559,2018-07-10
1379,-0.23454497754573822,2018-07-11
1380,-0.23454497754573822,2018-07-12
1381,-0.30337315052747726,2018-07-13
1382,-0.25286778807640076,2018-07-14
1383,-0.25286778807640076,2018-07-15
1384,-0.13918347358703614,2018-07-16
1385,0.2535917858282725,2018-07-17
1386,0.170897020234002,2018-07-18
1387,-0.1496443251768748,2018-07-19
1388,-0.0722694993019104,2018-07-20
1389,0.0,2018-07-21
1390,-0.6009932160377502,2018-07-22
1391,-0.1476627141237259,2018-07-23
1392,-0.30596645921468735,2018-07-24
1393,-0.3700701236724854,2018-07-25
1394,-0.45030655179704937,2018-07-26
1395,-0.3003887891769409,2018-07-27
1396,-0.46624520421028137,2018-07-28
1397,-0.46624520421028137,2018-07-29
1398,-0.1284941534201304,2018-07-30
1399,0.7513424158096313,2018-07-31
1400,-0.2697010040283203,2018-08-01
1401,-0.13104999523896438,2018-08-02
1402,-0.3320454806089401,2018-08-03
1403,-0.3320454806089401,2018-08-04
1404,-0.3320454806089401,2018-08-05
1405,-0.20637916194068062,2018-08-06
1406,0.19671418837138585,2018-08-07
1407,-0.5197071850299835,2018-08-08
1408,-0.43491188287734983,2018-08-09
1409,-0.2163962036371231,2018-08-10
1410,0.3029186725616455,2018-08-11
1411,-0.9563140273094177,2018-08-12
1412,-0.5702108502388,2018-08-13
1413,-0.3939845141242532,2018-08-14
1414,0.0,2018-08-15
1415,0.0,2018-08-16
1416,-0.4309064745903015,2018-08-17
1417,0.0,2018-08-18
1418,0.0,2018-08-19
1419,-0.050024762749671936,2018-08-20
1420,-0.08432081937789918,2018-08-21
1421,0.07100628316402435,2018-08-22
1422,-0.028700496469225203,2018-08-23
1423,-0.2850454092025757,2018-08-24
1424,0.0,2018-08-25
1425,-0.3625188171863556,2018-08-26
1426,-0.735357016324997,2018-08-27
1427,0.11588079482316971,2018-08-28
1428,-0.18029717604319254,2018-08-29
1429,-0.5118757128715515,2018-08-30
1430,-0.3333011269569397,2018-08-31
1431,0.0,2018-09-01
1432,-0.3290579915046692,2018-09-02
1433,-0.5179068048795065,2018-09-03
1434,0.055067941546440125,2018-09-04
1435,-0.09217028021812439,2018-09-05
1436,-0.2744425279753549,2018-09-06
1437,-0.2744425279753549,2018-09-07
1438,-0.2744425279753549,2018-09-08
1439,-0.2744425279753549,2018-09-09
1440,-0.4667975803216298,2018-09-10
1441,-0.07065051794052124,2018-09-11
1442,-0.3257203698158264,2018-09-12
1443,-0.11503169685602188,2018-09-13
1444,-0.02781103551387787,2018-09-14
1445,-0.02781103551387787,2018-09-15
1446,0.0,2018-09-16
1447,-0.37716035842895507,2018-09-17
1448,-0.366987931728363,2018-09-18
1449,0.023943026860555012,2018-09-19
1450,-0.30631889700889586,2018-09-20
1451,0.02725132703781128,2018-09-21
1452,0.02725132703781128,2018-09-22
1453,-0.626207709312439,2018-09-23
1454,-0.34078051149845123,2018-09-24
1455,-0.2900325283408165,2018-09-25
1456,-0.019194334745407104,2018-09-26
1457,-0.1779842972755432,2018-09-27
1458,-0.8531360030174255,2018-09-28
1459,-0.8531360030174255,2018-09-29
1460,-0.8531360030174255,2018-09-30
1461,-0.4875812232494354,2018-10-01
1462,-0.34553162114960806,2018-10-02
1463,-0.07964245229959488,2018-10-03
1464,-0.20257405936717987,2018-10-04
1465,-0.22696862618128458,2018-10-05
1466,0.0,2018-10-06
1467,0.0,2018-10-07
1468,-0.43042929470539093,2018-10-08
1469,0.09692524075508117,2018-10-09
1470,-0.34627875685691833,2018-10-10
1471,-0.4239552550845676,2018-10-11
1472,-0.42132203919546946,2018-10-12
1473,0.0,2018-10-13
1474,-0.2698496878147125,2018-10-14
1475,-0.66157295022692,2018-10-15
1476,-0.22803278267383575,2018-10-16
1477,0.10370682179927826,2018-10-17
1478,0.011666392286618551,2018-10-18
1479,0.011666392286618551,2018-10-19
1480,0.011666392286618551,2018-10-20
1481,0.011666392286618551,2018-10-21
1482,0.0,2018-10-22
1483,-0.16672238376405504,2018-10-23
1484,-0.11676743626594543,2018-10-24
1485,-0.3476177304983139,2018-10-25
1486,-0.10291139284769694,2018-10-26
1487,0.0,2018-10-27
1488,-0.2620009183883667,2018-10-28
1489,-0.08230587244033813,2018-10-29
1490,-0.3510288596153259,2018-10-30
1491,-0.10691229701042175,2018-10-31
1492,-0.2408708135286967,2018-11-01
1493,-0.09634526286806379,2018-11-02
1494,0.0,2018-11-03
1495,0.0,2018-11-04
1496,0.027320643266042072,2018-11-05
1497,-0.1498018354177475,2018-11-06
1498,-0.1498018354177475,2018-11-07
1499,-0.297948431968689,2018-11-08
1500,-0.17010161876678467,2018-11-09
1501,0.0,2018-11-10
1502,0.0,2018-11-11
1503,-0.06742059191068013,2018-11-12
1504,-0.23703271647294363,2018-11-13
1505,-0.29826608796914417,2018-11-14
1506,-0.30279186138739955,2018-11-15
1507,-0.3613846557480948,2018-11-16
1508,0.4111693501472473,2018-11-17
1509,0.0,2018-11-18
1510,-0.4823325425386429,2018-11-19
1511,-0.41263747877544826,2018-11-20
1512,-0.40070641040802,2018-11-21
1513,-0.5638520121574402,2018-11-22
1514,-0.48609107732772827,2018-11-23
1515,-0.48609107732772827,2018-11-24
1516,-0.48609107732772827,2018-11-25
1517,-0.48609107732772827,2018-11-26
1518,-0.23733649651209512,2018-11-27
1519,-0.08487726582421197,2018-11-28
1520,-0.2674152155717214,2018-11-29
1521,-0.3855936169624329,2018-11-30
1522,-0.314373254776001,2018-12-01
1523,0.0,2018-12-02
1524,-0.15095271170139313,2018-12-03
1525,-0.14835940798123678,2018-12-04
1526,-0.23594650626182556,2018-12-05
1527,-0.31111056605974835,2018-12-06
1528,-0.3719128540584019,2018-12-07
1529,0.0,2018-12-08
1530,0.0,2018-12-09
1531,-0.30678921937942505,2018-12-10
1532,-0.30067705114682514,2018-12-11
1533,-0.1334434524178505,2018-12-12
1534,-0.16816744539472792,2018-12-13
1535,-0.15842621525128683,2018-12-14
1536,-0.15842621525128683,2018-12-15
1537,-0.15842621525128683,2018-12-16
1538,0.0,2018-12-17
1539,-0.4369102418422699,2018-12-18
1540,-0.13128104209899902,2018-12-19
1541,-0.029610616820199148,2018-12-20
1542,-0.160174032052358,2018-12-21
1543,0.0,2018-12-22
1544,0.0,2018-12-23
1545,0.4386492371559143,2018-12-24
1546,-0.9523501992225647,2018-12-25
1547,-0.2318727821111679,2018-12-26
1548,-0.5904903709888458,2018-12-27
1549,-0.1465695858001709,2018-12-28
1550,0.0,2018-12-29
1551,0.0,2018-12-30
1552,0.0,2018-12-31
1553,0.0,2019-01-01
1554,-0.5767606347799301,2019-01-02
1555,-0.09917037685712178,2019-01-03
1556,-0.32354700565338135,2019-01-04
1557,0.0,2019-01-05
1558,0.0,2019-01-06
1559,-0.07099984089533488,2019-01-07
1560,0.0,2019-01-08
1561,0.0,2019-01-09
1562,-0.45961486441748484,2019-01-10
1563,-0.1917249321937561,2019-01-11
1564,0.0,2019-01-12
1565,0.0,2019-01-13
1566,-0.3793867230415344,2019-01-14
1567,-0.18824849128723145,2019-01-15
1568,-0.22975964205605642,2019-01-16
1569,-0.14793134729067484,2019-01-17
1570,-0.050106942653656006,2019-01-18
1571,-0.5675145387649536,2019-01-19
1572,-0.5675145387649536,2019-01-20
1573,-0.47861595153808595,2019-01-21
1574,-0.2182000974814097,2019-01-22
1575,-0.30379386246204376,2019-01-23
1576,-0.33955664187669754,2019-01-24
1577,-0.38232429325580597,2019-01-25
1578,0.0,2019-01-26
1579,0.0,2019-01-27
1580,-0.39219815080816095,2019-01-28
1581,-0.1877625823020935,2019-01-29
1582,-0.1877625823020935,2019-01-30
1583,0.0,2019-01-31
1584,-0.25280689341681345,2019-02-01
1585,-0.3133169809977214,2019-02-02
1586,0.0,2019-02-03
1587,-0.16459835569063822,2019-02-04
1588,-0.14457309246063232,2019-02-05
1589,-0.42849873503049213,2019-02-06
1590,-0.22833533585071564,2019-02-07
1591,0.15560733278592428,2019-02-08
1592,0.0,2019-02-09
1593,0.0,2019-02-10
1594,0.1502168391432081,2019-02-11
1595,-0.15029288530349733,2019-02-12
1596,-0.18961293250322342,2019-02-13
1597,-0.1336316466331482,2019-02-14
1598,-0.17338868975639343,2019-02-15
1599,-0.37080490589141846,2019-02-16
1600,0.0,2019-02-17
1601,-0.011770423253377278,2019-02-18
1602,-0.026453292369842528,2019-02-19
1603,0.0,2019-02-20
1604,0.041788071393966675,2019-02-21
1605,-0.44179676473140717,2019-02-22
1606,0.0,2019-02-23
1607,0.3080006043116252,2019-02-24
1608,-0.3090345991982354,2019-02-25
1609,-0.0010230541229248047,2019-02-26
1610,-0.02557171881198883,2019-02-27
1611,-0.001161451850618635,2019-02-28
1612,-0.14604940017064413,2019-03-01
1613,0.0,2019-03-02
1614,0.0,2019-03-03
1615,-0.17239644130071005,2019-03-04
1616,-0.07004150322505406,2019-03-05
1617,0.282977306842804,2019-03-06
1618,0.03553171668733869,2019-03-07
1619,-0.13131297486168997,2019-03-08
1620,0.0,2019-03-09
1621,0.0,2019-03-10
1622,0.0,2019-03-11
1623,0.0,2019-03-12
1624,-0.1495579183101654,2019-03-13
1625,-0.10022969047228496,2019-03-14
1626,-0.22484498222668967,2019-03-15
1627,0.0,2019-03-16
1628,0.0,2019-03-17
1629,-0.10530176758766174,2019-03-18
1630,-0.4333570996920268,2019-03-19
1631,0.12603755593299865,2019-03-20
1632,-0.1321058770020803,2019-03-21
1633,-0.09139044417275323,2019-03-22
1634,0.0,2019-03-23
1635,0.0,2019-03-24
1636,-0.23370816310246786,2019-03-25
1637,-0.2948761185010274,2019-03-26
1638,0.1259594644818987,2019-03-27
1639,0.14444759488105774,2019-03-28
1640,-0.2664007842540741,2019-03-29
1641,-0.3461596667766571,2019-03-30
1642,-0.8705337643623352,2019-03-31
1643,0.05058972040812174,2019-04-01
1644,0.18675311803817748,2019-04-02
1645,-0.12395983934402466,2019-04-03
1646,0.023266160488128663,2019-04-04
1647,0.0,2019-04-05
1648,0.0,2019-04-06
1649,0.0,2019-04-07
1650,-0.028212657996586392,2019-04-08
1651,0.0023670891920725503,2019-04-09
1652,-0.014506113529205323,2019-04-10
1653,-0.06760129928588868,2019-04-11
1654,-0.30359596014022827,2019-04-12
1655,0.0,2019-04-13
1656,0.0,2019-04-14
1657,-0.3143023490905762,2019-04-15
1658,-0.3210357938494001,2019-04-16
1659,0.1823616400361061,2019-04-17
1660,-0.266326367855072,2019-04-18
1661,-0.266326367855072,2019-04-19
1662,-0.266326367855072,2019-04-20
1663,-0.266326367855072,2019-04-21
1664,-0.2811349034309387,2019-04-22
1665,0.14528791904449462,2019-04-23
1666,-0.011428125202655792,2019-04-24
1667,-0.5921167135238647,2019-04-25
1668,-0.4794079065322876,2019-04-26
1669,-0.4794079065322876,2019-04-27
1670,0.0,2019-04-28
1671,-0.3484339714050293,2019-04-29
1672,0.0165287937436785,2019-04-30
1673,0.2119472622871399,2019-05-01
1674,-0.26628416776657104,2019-05-02
1675,-0.2787822961807251,2019-05-03
1676,-0.2787822961807251,2019-05-04
1677,0.0,2019-05-05
1678,-0.11997798085212708,2019-05-06
1679,-0.2334708496928215,2019-05-07
1680,-0.23815777401129404,2019-05-08
1681,-0.056609950959682465,2019-05-09
1682,-0.2509647011756897,2019-05-10
1683,0.18699896335601807,2019-05-11
1684,0.33420321345329285,2019-05-12
1685,0.1599797159433365,2019-05-13
1686,0.046574294567108154,2019-05-14
1687,-0.2086577160017831,2019-05-15
1688,-0.3570493459701538,2019-05-16
1689,-0.3851344108581543,2019-05-17
1690,0.0,2019-05-18
1691,0.0,2019-05-19
1692,0.1723711093266805,2019-05-20
1693,-0.1424058477083842,2019-05-21
1694,-0.17794742584228515,2019-05-22
1695,0.008386339460100447,2019-05-23
1696,-0.026020538806915284,2019-05-24
1697,-0.7659205794334412,2019-05-25
1698,0.0,2019-05-26
1699,0.9150795936584473,2019-05-27
1700,0.9150795936584473,2019-05-28
1701,0.11755435665448506,2019-05-29
1702,-0.41938149077551706,2019-05-30
1703,-0.5755266745885214,2019-05-31
1704,0.43132275342941284,2019-06-01
1705,0.0,2019-06-02
1706,-0.30295727401971817,2019-06-03
1707,-0.3447442352771759,2019-06-04
1708,-0.17778874105877346,2019-06-05
1709,0.005070336163043976,2019-06-06
1710,-0.15567352090563094,2019-06-07
1711,0.0,2019-06-08
1712,0.0,2019-06-09
1713,-0.10634451442294651,2019-06-10
1714,-0.46403672695159914,2019-06-11
1715,-0.08716968695322673,2019-06-12
1716,-0.12855148315429688,2019-06-13
1717,-0.21767638127009073,2019-06-14
1718,0.0,2019-06-15
1719,0.4566367566585541,2019-06-16
1720,-0.31931198835372926,2019-06-17
1721,-0.08849738538265228,2019-06-18
1722,-0.2972301443417867,2019-06-19
1723,0.10435266296068828,2019-06-20
1724,0.23807036876678467,2019-06-21
1725,0.0,2019-06-22
1726,0.0,2019-06-23
1727,-0.08320763111114501,2019-06-24
1728,0.05044010877609253,2019-06-25
1729,-0.18889139707271868,2019-06-26
1730,-0.30693557527330184,2019-06-27
1731,-0.6344550997018814,2019-06-28
1732,0.0,2019-06-29
1733,0.0,2019-06-30
1734,-0.27011963725090027,2019-07-01
1735,-0.27011963725090027,2019-07-02
1736,0.16960434118906656,2019-07-03
1737,-0.4834927096962929,2019-07-04
1738,-0.009313869476318359,2019-07-05
1739,0.0,2019-07-06
1740,0.0,2019-07-07
1741,0.09952741861343384,2019-07-08
1742,0.06042221188545227,2019-07-09
1743,0.20592143386602402,2019-07-10
1744,-0.25528219938278196,2019-07-11
1745,-0.2292412519454956,2019-07-12
1746,-0.2292412519454956,2019-07-13
1747,-0.7126142978668213,2019-07-14
1748,-0.5332729578018188,2019-07-15
1749,-0.11533738176027934,2019-07-16
1750,-0.07684500813484192,2019-07-17
1751,-0.24163640869988334,2019-07-18
1752,-0.24163640869988334,2019-07-19
1753,0.0,2019-07-20
1754,0.0,2019-07-21
1755,-0.13565923486437118,2019-07-22
1756,-0.1324487030506134,2019-07-23
1757,-0.15003306525094168,2019-07-24
1758,-0.19385349088244969,2019-07-25
1759,-0.27041707436243695,2019-07-26
1760,0.0,2019-07-27
1761,0.0,2019-07-28
1762,0.06937989592552185,2019-07-29
1763,-0.2684329152107239,2019-07-30
1764,-0.24121313203464856,2019-07-31
1765,0.16634393483400345,2019-08-01
1766,-0.06395101547241211,2019-08-02
1767,-0.48228663206100464,2019-08-03
1768,0.0,2019-08-04
1769,0.22166820934840611,2019-08-05
1770,0.0,2019-08-06
1771,-0.10976775487263997,2019-08-07
1772,-0.4271376132965088,2019-08-08
1773,-0.14918958147366843,2019-08-09
1774,0.0,2019-08-10
1775,0.0,2019-08-11
1776,-0.1696687638759613,2019-08-12
1777,-0.20896823065621511,2019-08-13
1778,-0.2693578335973952,2019-08-14
1779,-0.2926514810985989,2019-08-15
1780,-0.020689530032021657,2019-08-16
1781,-0.020689530032021657,2019-08-17
1782,0.0,2019-08-18
1783,0.03187544941902161,2019-08-19
1784,-0.29239656527837116,2019-08-20
1785,-0.22072798510392508,2019-08-21
1786,-0.15773732463518778,2019-08-22
1787,0.0,2019-08-23
1788,0.0,2019-08-24
1789,0.0,2019-08-25
1790,0.0,2019-08-26
1791,-0.4840385317802429,2019-08-27
1792,-0.27507363425360787,2019-08-28
1793,-0.9540363550186157,2019-08-29
1794,-0.5217829346656799,2019-08-30
1795,0.0,2019-08-31
1796,0.0,2019-09-01
1797,-0.45483946800231934,2019-09-02
1798,0.14610415697097778,2019-09-03
1799,0.1301384965578715,2019-09-04
1800,-0.09315903981526692,2019-09-05
1801,-0.3835167407989502,2019-09-06
1802,0.0,2019-09-07
1803,0.0,2019-09-08
1804,-0.18813672065734863,2019-09-09
1805,-0.19168047606945038,2019-09-10
1806,-0.13722938299179077,2019-09-11
1807,-0.14839641915427315,2019-09-12
1808,0.2175738699734211,2019-09-13
1809,0.2175738699734211,2019-09-14
1810,0.2175738699734211,2019-09-15
1811,0.0,2019-09-16
1812,-0.11455557176045009,2019-09-17
1813,-0.27401916682720184,2019-09-18
1814,-0.1826077037387424,2019-09-19
1815,0.0,2019-09-20
1816,0.0,2019-09-21
1817,0.0,2019-09-22
1818,-0.23989357948303222,2019-09-23
1819,-0.3976460099220276,2019-09-24
1820,-0.19026947617530823,2019-09-25
1821,-0.5539422273635864,2019-09-26
1822,-0.34942557982036043,2019-09-27
1823,-0.19101998209953308,2019-09-28
1824,0.8234098553657532,2019-09-29
1825,-0.3216478294796414,2019-09-30
1826,-0.2510024436882564,2019-10-01
1827,-0.2510024436882564,2019-10-02
1828,-0.16469821333885193,2019-10-03
1829,-0.5951252381006876,2019-10-04
1830,0.0,2019-10-05
1831,0.0,2019-10-06
1832,-0.08273079565593175,2019-10-07
1833,-0.201055680002485,2019-10-08
1834,-0.04894256591796875,2019-10-09
1835,0.060420237481594086,2019-10-10
1836,-0.09815497530831231,2019-10-11
1837,-0.09815497530831231,2019-10-12
1838,0.0,2019-10-13
1839,-0.22785661901746476,2019-10-14
1840,-0.20803735937391007,2019-10-15
1841,-0.35406569242477415,2019-10-16
1842,-0.5081783731778463,2019-10-17
1843,-0.09074763456980388,2019-10-18
1844,0.0,2019-10-19
1845,0.0,2019-10-20
1846,-0.07767631113529205,2019-10-21
1847,0.0,2019-10-22
1848,-0.38597514629364016,2019-10-23
1849,-0.09626267552375793,2019-10-24
1850,-0.1555753435407366,2019-10-25
1851,0.6310528516769409,2019-10-26
1852,0.0,2019-10-27
1853,-0.036995339393615725,2019-10-28
1854,-0.24774657487869262,2019-10-29
1855,-0.23333821296691895,2019-10-30
1856,-0.036864406532711454,2019-10-31
1857,-0.3961854577064514,2019-11-01
1858,0.0,2019-11-02
1859,-0.2904653549194336,2019-11-03
1860,-0.21128606796264648,2019-11-04
1861,-0.22967444360256195,2019-11-05
1862,-0.2267717014659535,2019-11-06
1863,0.04286549091339111,2019-11-07
1864,-0.24430795226778304,2019-11-08
1865,0.0,2019-11-09
1866,0.0,2019-11-10
1867,-0.15948287645975748,2019-11-11
1868,0.0,2019-11-12
1869,0.0,2019-11-13
1870,-0.36518679062525433,2019-11-14
1871,-0.3992389639218648,2019-11-15
1872,0.0,2019-11-16
1873,0.0,2019-11-17
1874,-0.9662891030311584,2019-11-18
1875,-0.9553465843200684,2019-11-19
1876,-0.48066672682762146,2019-11-20
1877,-0.31519468625386554,2019-11-21
1878,-0.4823821485042572,2019-11-22
1879,0.0,2019-11-23
1880,0.0,2019-11-24
1881,-0.9004682103792826,2019-11-25
1882,-0.5999477058649063,2019-11-26
1883,-0.22293888330459594,2019-11-27
1884,-0.23419828216234842,2019-11-28
1885,-0.22900182008743286,2019-11-29
1886,0.0,2019-11-30
1887,0.0,2019-12-01
1888,-0.2653993566830953,2019-12-02
1889,-0.09892101883888245,2019-12-03
1890,-0.5145044922828674,2019-12-04
1891,-0.5145044922828674,2019-12-05
1892,-0.5145044922828674,2019-12-06
1893,-0.5397210717201233,2019-12-07
1894,0.0,2019-12-08
1895,-0.17997700827462332,2019-12-09
1896,-0.2901868596673012,2019-12-10
1897,-0.07456043362617493,2019-12-11
1898,-0.23772574961185455,2019-12-12
1899,-0.06848914424578349,2019-12-13
1900,0.0,2019-12-14
1901,0.0,2019-12-15
1902,-0.4551462009549141,2019-12-16
1903,-0.3525579795241356,2019-12-17
1904,-0.3423283270427159,2019-12-18
1905,-0.2934896945953369,2019-12-19
1906,0.0040641725063323975,2019-12-20
1907,0.0,2019-12-21
1908,0.0,2019-12-22
1909,-0.44679056604703266,2019-12-23
1910,-0.44679056604703266,2019-12-24
1911,-0.44679056604703266,2019-12-25
1912,-0.44679056604703266,2019-12-26
1913,-0.44679056604703266,2019-12-27
1914,-0.44679056604703266,2019-12-28
1915,-0.44679056604703266,2019-12-29
1916,0.0,2019-12-30
1917,-0.32554659247398376,2019-12-31
1918,0.0,2020-01-01
1919,0.0,2020-01-02
1920,0.47172776858011883,2020-01-03
1921,0.0,2020-01-04
1922,0.0,2020-01-05
1923,0.05154850482940674,2020-01-06
1924,0.4917517900466919,2020-01-07
1925,-0.23180836770269606,2020-01-08
1926,-0.320771058400472,2020-01-09
1927,-0.6337509836469378,2020-01-10
1928,-0.6337509836469378,2020-01-11
1929,-0.6337509836469378,2020-01-12
1930,0.15831787884235382,2020-01-13
1931,0.025778992609544235,2020-01-14
1932,0.07514898777008057,2020-01-15
1933,-0.2444454848766327,2020-01-16
1934,0.08469158411026001,2020-01-17
1935,0.08469158411026001,2020-01-18
1936,0.08469158411026001,2020-01-19
1937,-0.0028835932413736978,2020-01-20
1938,0.30626196946416584,2020-01-21
1939,-0.23735684156417847,2020-01-22
1940,-0.21041477719942728,2020-01-23
1941,-0.21041477719942728,2020-01-24
1942,-0.21041477719942728,2020-01-25
1943,-0.21041477719942728,2020-01-26
1944,-0.33402782678604126,2020-01-27
1945,-0.2108667016029358,2020-01-28
1946,-0.1896669715642929,2020-01-29
1947,0.07646629640034266,2020-01-30
1948,-0.11014499266942342,2020-01-31
1949,0.0,2020-02-01
1950,0.0,2020-02-02
1951,-0.15387601852416993,2020-02-03
1952,-0.02907782793045044,2020-02-04
1953,-0.6169400385447911,2020-02-05
1954,0.18760781817966038,2020-02-06
1955,0.05914685555866787,2020-02-07
1956,0.05914685555866787,2020-02-08
1957,0.2513683040936788,2020-02-09
1958,-0.1838978886604309,2020-02-10
1959,-0.17035608821445042,2020-02-11
1960,0.05035069915983412,2020-02-12
1961,0.05035069915983412,2020-02-13
1962,0.0,2020-02-14
1963,0.0,2020-02-15
1964,0.0,2020-02-16
1965,-0.2800062085900988,2020-02-17
1966,-0.29505107800165814,2020-02-18
1967,0.0380240763936724,2020-02-19
1968,-0.3507390448025295,2020-02-20
1969,-0.3608577421733311,2020-02-21
1970,0.0,2020-02-22
1971,0.0,2020-02-23
1972,-0.4114389249256679,2020-02-24
1973,-0.15703319509824118,2020-02-25
1974,-0.42099834813012016,2020-02-26
1975,-0.46679070591926575,2020-02-27
1976,-0.7091126441955566,2020-02-28
1977,-0.7091126441955566,2020-02-29
1978,0.0,2020-03-01
1979,-0.17946128050486246,2020-03-02
1980,-0.30477727204561234,2020-03-03
1981,-0.24345115820566812,2020-03-04
1982,0.30992621183395386,2020-03-05
1983,-0.6175803740819296,2020-03-06
1984,-0.6175803740819296,2020-03-07
1985,-0.6175803740819296,2020-03-08
1986,-0.8051566481590271,2020-03-09
1987,-0.3659728243947029,2020-03-10
1988,-0.45295295864343643,2020-03-11
1989,-0.7289515402581956,2020-03-12
1990,-0.47962282763587105,2020-03-13
1991,0.0,2020-03-14
1992,-0.29706496000289917,2020-03-15
1993,-0.4614768549799919,2020-03-16
1994,-0.14193740912846156,2020-03-17
1995,-0.5149896244208018,2020-03-18
1996,-0.06460537910461425,2020-03-19
1997,0.07518418878316879,2020-03-20
1998,0.07518418878316879,2020-03-21
1999,0.07518418878316879,2020-03-22
2000,-0.7469343841075897,2020-03-23
2001,0.07409070730209351,2020-03-24
2002,-0.2109997421503067,2020-03-25
2003,-0.42352691292762756,2020-03-26
2004,-0.39535675942897797,2020-03-27
2005,-0.36130523681640625,2020-03-28
2006,0.0,2020-03-29
2007,-0.2910998106002808,2020-03-30
2008,-0.7530673444271088,2020-03-31
2009,-0.3355645462870598,2020-04-01
2010,-0.31904345750808716,2020-04-02
2011,-0.27802544832229614,2020-04-03
2012,0.0,2020-04-04
2013,0.0,2020-04-05
2014,-0.04243059456348419,2020-04-06
2015,-0.0616777241230011,2020-04-07
2016,-0.913966953754425,2020-04-08
2017,-0.12333429547456595,2020-04-09
2018,-0.49372522830963134,2020-04-10
2019,0.0,2020-04-11
2020,0.0,2020-04-12
2021,-0.6216701765855154,2020-04-13
2022,-0.19919321211901578,2020-04-14
2023,-0.22442440191904703,2020-04-15
2024,0.1207121064265569,2020-04-16
2025,-0.02498231150887229,2020-04-17
2026,0.0,2020-04-18
2027,-0.32390087842941284,2020-04-19
2028,-0.2605171420357444,2020-04-20
2029,0.0,2020-04-21
2030,-0.07809402793645859,2020-04-22
2031,0.001196444034576416,2020-04-23
2032,-0.09283880516886711,2020-04-24
2033,-0.30004729827245075,2020-04-25
2034,0.302494615316391,2020-04-26
2035,0.004728035794364082,2020-04-27
2036,0.0701148509979248,2020-04-28
2037,-0.007247656583786011,2020-04-29
2038,-0.10843940079212189,2020-04-30
2039,-0.09617737406178524,2020-05-01
2040,0.0,2020-05-02
2041,0.0,2020-05-03
2042,-0.8913723230361938,2020-05-04
2043,-0.19930673497063772,2020-05-05
2044,-0.28867240746816,2020-05-06
2045,-0.2830351948738098,2020-05-07
2046,0.16013875044882298,2020-05-08
2047,0.0,2020-05-09
2048,-0.22263868153095245,2020-05-10
2049,-0.17424937834342322,2020-05-11
2050,-0.1837579886118571,2020-05-12
2051,-0.2788490891456604,2020-05-13
2052,-0.09668107032775879,2020-05-14
2053,-0.10417873164017995,2020-05-15
2054,-0.10417873164017995,2020-05-16
2055,-0.10417873164017995,2020-05-17
2056,-0.3404973387718201,2020-05-18
2057,-0.33425072580575943,2020-05-19
2058,-0.34718137979507446,2020-05-20
2059,-0.21275610393948025,2020-05-21
2060,-0.19290844202041627,2020-05-22
2061,-0.19290844202041627,2020-05-23
2062,0.0,2020-05-24
2063,-0.9089543422063192,2020-05-25
2064,-0.15062813460826874,2020-05-26
2065,-0.40165007710456846,2020-05-27
2066,-0.40165007710456846,2020-05-28
2067,-0.3802184224128723,2020-05-29
2068,0.0,2020-05-30
2069,0.0,2020-05-31
2070,0.08966206420551646,2020-06-01
2071,-0.0742491758786715,2020-06-02
2072,-0.04560690266745431,2020-06-03
2073,-0.22100550853289092,2020-06-04
2074,-0.15910393595695496,2020-06-05
2075,0.0,2020-06-06
2076,0.0,2020-06-07
2077,0.0005237360795338949,2020-06-08
2078,-0.08787668347358704,2020-06-09
2079,-0.1113125483194987,2020-06-10
2080,-0.28742332458496095,2020-06-11
2081,-0.3124335656563441,2020-06-12
2082,0.0,2020-06-13
2083,0.0,2020-06-14
2084,-0.14278592054660505,2020-06-15
2085,-0.3399052768945694,2020-06-16
2086,-0.12249185310469733,2020-06-17
2087,-0.28632815182209015,2020-06-18
2088,-0.22633564472198486,2020-06-19
2089,0.0,2020-06-20
2090,0.0,2020-06-21
2091,0.0,2020-06-22
2092,-0.30235975980758667,2020-06-23
2093,-0.03606822815808383,2020-06-24
2094,-0.24737064404921097,2020-06-25
2095,-0.28175820112228395,2020-06-26
2096,0.0,2020-06-27
2097,0.0,2020-06-28
2098,-0.3671344564511226,2020-06-29
2099,-0.26650453072327834,2020-06-30
2100,-0.017727621964045932,2020-07-01
2101,-0.17097634077072144,2020-07-02
2102,0.0,2020-07-03
2103,0.0,2020-07-04
2104,0.0,2020-07-05
2105,0.19170689582824707,2020-07-06
2106,-0.2893616490893894,2020-07-07
2107,-0.34009838646108453,2020-07-08
2108,-0.41211485320871527,2020-07-09
2109,-0.22132110595703125,2020-07-10
2110,0.0,2020-07-11
2111,0.0,2020-07-12
2112,0.23339413512836804,2020-07-13
2113,-0.2663865288098653,2020-07-14
2114,-0.10419878164927164,2020-07-15
2115,-0.25947414173020256,2020-07-16
2116,0.47214680910110474,2020-07-17
2117,0.0,2020-07-18
2118,0.0,2020-07-19
2119,-0.34507521241903305,2020-07-20
2120,0.18140433894263375,2020-07-21
2121,-0.06812337636947632,2020-07-22
2122,-0.04215539826287164,2020-07-23
2123,0.1746813878417015,2020-07-24
2124,0.0,2020-07-25
2125,-0.4606415033340454,2020-07-26
2126,-0.02674617724759238,2020-07-27
2127,0.0063163042068481445,2020-07-28
2128,0.05311342898537131,2020-07-29
2129,-0.006493667761484782,2020-07-30
2130,0.9024547338485718,2020-07-31
2131,0.37168048620224,2020-08-01
2132,-0.3236001133918762,2020-08-02
2133,-0.3228952234441584,2020-08-03
2134,-0.19343914497982373,2020-08-04
2135,0.17405901505396917,2020-08-05
2136,-0.35600588470697403,2020-08-06
2137,0.007217511534690857,2020-08-07
2138,0.0,2020-08-08
2139,0.2947816252708435,2020-08-09
2140,-0.0582393209139506,2020-08-10
2141,-0.12725307724692606,2020-08-11
2142,0.05369465841966517,2020-08-12
2143,0.0,2020-08-13
2144,0.22266662120819092,2020-08-14
2145,0.0,2020-08-15
2146,0.0,2020-08-16
2147,0.1721032586964694,2020-08-17
2148,-0.1739978020389875,2020-08-18
2149,-0.29811208695173264,2020-08-19
2150,-0.33620917797088623,2020-08-20
2151,-0.18400455117225648,2020-08-21
2152,0.0,2020-08-22
2153,0.0,2020-08-23
2154,0.005154230377890847,2020-08-24
2155,-0.5861841340859731,2020-08-25
2156,-0.1771860182285309,2020-08-26
2157,-0.2278176316848168,2020-08-27
2158,-0.30799860845912586,2020-08-28
2159,0.0,2020-08-29
2160,0.0,2020-08-30
2161,-0.16278798712624443,2020-08-31
2162,0.37227500081062315,2020-09-01
2163,0.042287081480026245,2020-09-02
2164,-0.3259900013605754,2020-09-03
2165,0.0322574774424235,2020-09-04
2166,0.0322574774424235,2020-09-05
2167,0.0,2020-09-06
2168,-0.1921151876449585,2020-09-07
2169,-0.41013965010643005,2020-09-08
2170,0.04300995171070099,2020-09-09
2171,-0.4477279931306839,2020-09-10
2172,-0.5455699637532234,2020-09-11
2173,0.0,2020-09-12
2174,0.0,2020-09-13
2175,0.17124263048171998,2020-09-14
2176,-0.024563285437497227,2020-09-15
2177,0.10710177570581436,2020-09-16
2178,-0.15142606837408884,2020-09-17
2179,-0.003424755164555141,2020-09-18
2180,0.0,2020-09-19
2181,0.0,2020-09-20
2182,-0.22586111426353456,2020-09-21
2183,-0.535956587110247,2020-09-22
2184,-0.31459736327330273,2020-09-23
2185,-0.5098618865013123,2020-09-24
2186,0.14225615561008453,2020-09-25
2187,0.0,2020-09-26
2188,0.0,2020-09-27
2189,-0.028346644206480545,2020-09-28
2190,-0.32007791101932526,2020-09-29
2191,-0.20043936371803284,2020-09-30
2192,-0.2443067491054535,2020-10-01
2193,-0.4213477124770482,2020-10-02
2194,0.0,2020-10-03
2195,-0.3245880802472432,2020-10-04
2196,-0.35214693437923084,2020-10-05
2197,-0.2269001557276799,2020-10-06
2198,0.11085938555853707,2020-10-07
2199,0.27880605061848956,2020-10-08
2200,0.11367105895822699,2020-10-09
2201,0.45836737751960754,2020-10-10
2202,0.0,2020-10-11
2203,0.12001817876642401,2020-10-12
2204,-0.002891071140766144,2020-10-13
2205,0.17788198788960774,2020-10-14
2206,0.03561676210827298,2020-10-15
2207,-0.4325081209341685,2020-10-16
2208,0.28853754202524823,2020-10-17
2209,-0.3212057650089264,2020-10-18
2210,-0.621399245091847,2020-10-19
2211,0.18123918771743774,2020-10-20
2212,0.5163801482745579,2020-10-21
2213,0.13837939500808716,2020-10-22
2214,0.32571081519126893,2020-10-23
2215,0.29561200737953186,2020-10-24
2216,0.468115895986557,2020-10-25
2217,-0.13727926356451853,2020-10-26
2218,0.3238233506679535,2020-10-27
2219,-0.22199080139398575,2020-10-28
2220,0.034258717840368096,2020-10-29
2221,0.01603425873650445,2020-10-30
2222,0.46547940373420715,2020-10-31
2223,0.4337049722671509,2020-11-01
2224,-0.0910826325416565,2020-11-02
2225,-0.0910826325416565,2020-11-03
2226,-0.07631754875183105,2020-11-04
2227,-0.030208786328633625,2020-11-05
2228,0.12817834317684174,2020-11-06
2229,-0.3006984392801921,2020-11-07
2230,0.23543855547904968,2020-11-08
2231,0.014089717106385664,2020-11-09
2232,0.08228962421417237,2020-11-10
2233,-0.2751685105837308,2020-11-11
2234,0.008823564419379601,2020-11-12
2235,-0.347717247903347,2020-11-13
2236,-0.9603384137153625,2020-11-14
2237,-0.9603384137153625,2020-11-15
2238,0.10923224687576294,2020-11-16
2239,0.21308897932370505,2020-11-17
2240,0.05398963391780853,2020-11-18
2241,0.14261322220166525,2020-11-19
2242,0.30507510900497437,2020-11-20
2243,-0.011322011550267538,2020-11-21
2244,0.0,2020-11-22
2245,-0.1781739075978597,2020-11-23
2246,0.2569355198315212,2020-11-24
2247,-0.2605129820959909,2020-11-25
2248,-0.46948013454675674,2020-11-26
2249,0.0206537127494812,2020-11-27
2250,0.0,2020-11-28
2251,0.0,2020-11-29
2252,-0.10672402381896973,2020-11-30
2253,0.3882254759470622,2020-12-01
2254,0.14155660569667816,2020-12-02
2255,-0.18036136031150818,2020-12-03
2256,-0.0631103936363669,2020-12-04
2257,0.0,2020-12-05
2258,0.0,2020-12-06
2259,-0.15076306462287903,2020-12-07
2260,-0.1662458238147554,2020-12-08
2261,-0.13912582397460938,2020-12-09
2262,-0.09834148983160655,2020-12-10
2263,-0.08826985955238342,2020-12-11
2264,0.0,2020-12-12
2265,0.26157979170481366,2020-12-13
2266,-0.09671741085393089,2020-12-14
2267,-0.029523193836212158,2020-12-15
2268,-0.000893805708203997,2020-12-16
2269,0.07579666376113892,2020-12-17
2270,0.032101820815693245,2020-12-18
2271,0.33346239229043323,2020-12-19
2272,0.0,2020-12-20
2273,-0.24891431765122848,2020-12-21
2274,-0.2617151845585216,2020-12-22
2275,-0.320413695441352,2020-12-23
2276,0.23695295304059982,2020-12-24
2277,0.23695295304059982,2020-12-25
2278,0.23695295304059982,2020-12-26
2279,0.09955362478892009,2020-12-27
2280,-0.11355938230242048,2020-12-28
2281,0.10574810206890106,2020-12-29
2282,-0.016847739617029827,2020-12-30
2283,-0.10134200917349921,2020-12-31
2284,0.4014710783958435,2021-01-01
2285,0.13443875312805176,2021-01-02
2286,0.2653594374656677,2021-01-03
2287,-0.074124014377594,2021-01-04
2288,0.01041925379208156,2021-01-05
2289,0.4986021916071574,2021-01-06
2290,0.26192428307099774,2021-01-07
2291,0.16008338828881583,2021-01-08
2292,-0.2549211084842682,2021-01-09
2293,0.0,2021-01-10
2294,-0.11020496288935343,2021-01-11
2295,-0.2448352873325348,2021-01-12
2296,-0.11941113911176983,2021-01-13
2297,-0.00734248012304306,2021-01-14
2298,-0.1895464062690735,2021-01-15
2299,0.39622825384140015,2021-01-16
2300,-0.446957603096962,2021-01-17
2301,-0.09307644764582317,2021-01-18
2302,-0.017720404267311095,2021-01-19
2303,-0.555512168190696,2021-01-20
2304,-0.5098669735284952,2021-01-21
2305,-0.47964351971944175,2021-01-22
2306,0.0,2021-01-23
2307,-0.277392715215683,2021-01-24
2308,0.16783565282821655,2021-01-25
2309,-0.2465177042917772,2021-01-26
2310,-0.05795725492330698,2021-01-27
2311,-0.21875544027848678,2021-01-28
2312,0.1562455573252269,2021-01-29
2313,-0.314746230840683,2021-01-30
2314,0.2417704313993454,2021-01-31
2315,0.09472539027531941,2021-02-01
2316,-0.05012288689613342,2021-02-02
2317,0.3733566275664738,2021-02-03
2318,-0.7937033176422119,2021-02-04
2319,-0.15994101762771606,2021-02-05
2320,0.09137408435344696,2021-02-06
2321,0.0,2021-02-07
2322,0.15993143452538383,2021-02-08
2323,-0.0004458576440811157,2021-02-09
2324,0.03456794321537018,2021-02-10
2325,0.1424829175597743,2021-02-11
2326,-0.05156858265399933,2021-02-12
2327,0.0,2021-02-13
2328,0.4739970862865448,2021-02-14
2329,-0.39347697155816214,2021-02-15
2330,-0.1847228639655643,2021-02-16
2331,0.3324596643447876,2021-02-17
2332,-0.00014462837806114784,2021-02-18
2333,-0.046565656478588395,2021-02-19
2334,0.0057082056999206545,2021-02-20
2335,0.16346207857131959,2021-02-21
2336,-0.36525353193283083,2021-02-22
2337,-0.2604529658953349,2021-02-23
2338,0.10502976477146149,2021-02-24
2339,-0.22673487663269043,2021-02-25
2340,-0.34011255701382953,2021-02-26
2341,-0.49619922041893005,2021-02-27
2342,-0.30360132455825806,2021-02-28
2343,0.05337084040922277,2021-03-01
2344,0.3649252340907142,2021-03-02
2345,0.13025284239224025,2021-03-03
2346,-0.39754852652549744,2021-03-04
2347,-0.11009879295642559,2021-03-05
2348,0.0,2021-03-06
2349,0.2906108021736145,2021-03-07
2350,-0.21692370826547797,2021-03-08
2351,-0.1446129788051952,2021-03-09
2352,0.03573165719325726,2021-03-10
2353,0.25542583413746045,2021-03-11
2354,-0.2539692521095276,2021-03-12
2355,0.6941292881965637,2021-03-13
2356,0.0,2021-03-14
2357,-0.15430305095819327,2021-03-15
2358,-0.2969987591107686,2021-03-16
2359,-0.07098497822880745,2021-03-17
2360,-0.03868714637226529,2021-03-18
2361,0.001954055749453031,2021-03-19
2362,0.001954055749453031,2021-03-20
2363,0.0,2021-03-21
2364,-0.16375577449798584,2021-03-22
2365,-0.1871203871873709,2021-03-23
2366,-0.13838656459535872,2021-03-24
2367,-0.24128613688729025,2021-03-25
2368,0.0941642850637436,2021-03-26
2369,0.0941642850637436,2021-03-27
2370,0.0,2021-03-28
2371,-0.062249174484839805,2021-03-29
2372,0.10326140622297923,2021-03-30
2373,0.19912638929155138,2021-03-31
2374,0.14599188168843588,2021-04-01
2375,0.3114620844523112,2021-04-02
2376,0.8934973478317261,2021-04-03
2377,0.0,2021-04-04
2378,0.012754903389857365,2021-04-05
2379,-0.20644723730427877,2021-04-06
2380,-0.15584006905555725,2021-04-07
2381,-0.18607033491134645,2021-04-08
2382,-0.19013471328295195,2021-04-09
2383,0.7977843582630157,2021-04-10
2384,0.0,2021-04-11
2385,-0.1913215680555864,2021-04-12
2386,0.23175281636855183,2021-04-13
2387,0.2982213497161865,2021-04-14
2388,0.08165210088094076,2021-04-15
2389,-0.2335465457290411,2021-04-16
2390,-0.95799320936203,2021-04-17
2391,-0.6244564255078634,2021-04-18
2392,-0.3989142229159673,2021-04-19
2393,-0.06612890107291085,2021-04-20
2394,-0.06612890107291085,2021-04-21
2395,-0.5560697408822867,2021-04-22
2396,-0.5463218518665859,2021-04-23
2397,-0.5463218518665859,2021-04-24
2398,0.0,2021-04-25
2399,-0.23787616406168258,2021-04-26
2400,0.035357301433881126,2021-04-27
2401,-0.06595170746246974,2021-04-28
2402,-0.4551167147500174,2021-04-29
2403,-0.12530332803726196,2021-04-30
2404,-0.12530332803726196,2021-05-01
2405,-0.12530332803726196,2021-05-02
2406,0.3661317957772149,2021-05-03
2407,-0.09207423776388168,2021-05-04
2408,0.3402496427297592,2021-05-05
2409,-0.016679396231969196,2021-05-06
2410,0.06825488433241844,2021-05-07
2411,0.06825488433241844,2021-05-08
2412,-0.43582862615585327,2021-05-09
2413,0.11128862450520198,2021-05-10
2414,-0.09715725481510162,2021-05-11
2415,-0.15953054030736288,2021-05-12
2416,-0.4024608816419329,2021-05-13
2417,-0.1968060157128743,2021-05-14
2418,-0.7577745318412781,2021-05-15
2419,-0.4863632619380951,2021-05-16
2420,-0.4284649150712149,2021-05-17
2421,-0.3811801504343748,2021-05-18
2422,-0.5250279693042531,2021-05-19
2423,-0.22557834287484488,2021-05-20
2424,-0.449835393163893,2021-05-21
2425,-0.449835393163893,2021-05-22
2426,-0.4830528497695923,2021-05-23
2427,0.1127099022269249,2021-05-24
2428,-0.003352667156018709,2021-05-25
2429,-0.018008705816770856,2021-05-26
2430,-0.3342801680167516,2021-05-27
2431,-0.3216552204555935,2021-05-28
2432,0.0,2021-05-29
2433,0.0,2021-05-30
2434,-0.13033048311869302,2021-05-31
2435,-0.26107730468114215,2021-06-01
2436,0.04772347956895828,2021-06-02
2437,0.12021189289433616,2021-06-03
2438,-0.4137958511710167,2021-06-04
2439,-0.38964974880218506,2021-06-05
2440,0.3063441067934036,2021-06-06
2441,-0.2149921216462788,2021-06-07
2442,-0.4093900414613577,2021-06-08
2443,-0.363184046286803,2021-06-09
2444,-0.062193721532821655,2021-06-10
2445,-0.11601393039409931,2021-06-11
2446,-0.11601393039409931,2021-06-12
2447,0.4667901396751404,2021-06-13
2448,0.20014702876408894,2021-06-14
2449,0.1945426735011014,2021-06-15
2450,-0.297700035572052,2021-06-16
2451,-0.09489895900090535,2021-06-17
2452,-0.2110392391681671,2021-06-18
2453,-0.34501269459724426,2021-06-19
2454,0.0,2021-06-20
2455,-0.2748219200542995,2021-06-21
2456,-0.31675662597020465,2021-06-22
2457,-0.03413767261164529,2021-06-23
2458,-0.39360370544286877,2021-06-24
2459,-0.23714551600542935,2021-06-25
2460,0.0,2021-06-26
2461,0.0030639171600341797,2021-06-27
2462,-0.4337125837802887,2021-06-28
2463,-0.10367452104886372,2021-06-29
2464,-0.5261778645217419,2021-06-30
2465,-0.15953644684382848,2021-07-01
2466,0.0,2021-07-02
2467,-0.08246657252311707,2021-07-03
2468,-0.6137004494667053,2021-07-04
2469,-0.44546574354171753,2021-07-05
2470,-0.42313577731450397,2021-07-06
2471,-0.15894951603629373,2021-07-07
2472,-0.3480537816097862,2021-07-08
2473,-0.04325116222554987,2021-07-09
2474,-0.04325116222554987,2021-07-10
2475,-0.4695455729961395,2021-07-11
2476,0.11150426449983017,2021-07-12
2477,0.0,2021-07-13
2478,-0.24597159028053284,2021-07-14
2479,-0.35714443290934844,2021-07-15
2480,-0.36737070679664613,2021-07-16
2481,0.0,2021-07-17
2482,0.0,2021-07-18
2483,-0.3970315953095754,2021-07-19
2484,-0.3245049367348353,2021-07-20
2485,-0.0732229471206665,2021-07-21
2486,-0.1347747972378364,2021-07-22
2487,-0.2904214084148407,2021-07-23
2488,-0.2904214084148407,2021-07-24
2489,0.0,2021-07-25
2490,0.06872455137116569,2021-07-26
2491,-0.27438091148029675,2021-07-27
2492,0.21071921785672507,2021-07-28
2493,-0.2859646677970886,2021-07-29
2494,-0.47771320172718595,2021-07-30
2495,-0.24382472038269043,2021-07-31
2496,0.1301385462284088,2021-08-01
2497,-0.46224392544139514,2021-08-02
2498,-0.09066683053970337,2021-08-03
2499,0.11513593367167882,2021-08-04
2500,-0.05517343499443748,2021-08-05
2501,0.49619481298658585,2021-08-06
2502,0.49619481298658585,2021-08-07
2503,0.0,2021-08-08
2504,0.05790458484129472,2021-08-09
2505,0.0903808016043443,2021-08-10
2506,0.19969467016366813,2021-08-11
2507,0.02163585749539462,2021-08-12
2508,0.19518412011010305,2021-08-13
2509,0.19518412011010305,2021-08-14
2510,0.0,2021-08-15
2511,-0.0031138828822544645,2021-08-16
2512,-0.0031138828822544645,2021-08-17
2513,-0.18518768548965453,2021-08-18
2514,-0.40032590760125053,2021-08-19
2515,0.18873842060565948,2021-08-20
2516,0.0,2021-08-21
2517,-0.5901135206222534,2021-08-22
2518,0.30527603084390814,2021-08-23
2519,-0.35495486358801526,2021-08-24
2520,-0.3080219162835015,2021-08-25
2521,-0.37362103462219237,2021-08-26
2522,-0.108912393450737,2021-08-27
2523,-0.108912393450737,2021-08-28
2524,-0.5819994807243347,2021-08-29
2525,-0.3181485874312265,2021-08-30
2526,-0.6256608168284098,2021-08-31
2527,0.36301571130752563,2021-09-01
2528,0.1879952922463417,2021-09-02
2529,0.444855401913325,2021-09-03
2530,0.444855401913325,2021-09-04
2531,0.0,2021-09-05
2532,0.7878673672676086,2021-09-06
2533,-0.48788920044898987,2021-09-07
2534,-0.7175327390432358,2021-09-08
2535,-0.2169217268625895,2021-09-09
2536,-0.33164342244466144,2021-09-10
2537,-0.33164342244466144,2021-09-11
2538,-0.33164342244466144,2021-09-12
2539,-0.5796337425708771,2021-09-13
2540,-0.11435360709826152,2021-09-14
2541,-0.06661834716796874,2021-09-15
2542,-0.1341722011566162,2021-09-16
2543,-0.29829512039820355,2021-09-17
2544,-0.29829512039820355,2021-09-18
2545,0.0,2021-09-19
2546,-0.8585795164108276,2021-09-20
2547,-0.7994982898235321,2021-09-21
2548,-0.4563746750354767,2021-09-22
2549,0.02214692533016205,2021-09-23
2550,-0.9568118810653686,2021-09-24
2551,-0.9568118810653686,2021-09-25
2552,-0.9668406248092651,2021-09-26
2553,0.39921941608190536,2021-09-27
2554,-0.8500941395759583,2021-09-28
2555,-0.19842863082885742,2021-09-29
2556,0.0,2021-09-30
2557,0.01073920726776123,2021-10-01
2558,0.01073920726776123,2021-10-02
2559,0.0,2021-10-03
2560,0.1689187169075012,2021-10-04
2561,0.3211866974830627,2021-10-05
2562,0.19473030737468175,2021-10-06
2563,0.31358280777931213,2021-10-07
2564,0.1460457444190979,2021-10-08
2565,0.1460457444190979,2021-10-09
2566,0.0,2021-10-10
2567,0.3102043696812221,2021-10-11
2568,-0.2546696662902832,2021-10-12
2569,-0.4420183449983597,2021-10-13
2570,-0.260669469833374,2021-10-14
2571,0.23353923857212067,2021-10-15
2572,0.23353923857212067,2021-10-16
2573,0.24919011195500693,2021-10-17
2574,0.8915762603282928,2021-10-18
2575,0.5634568333625793,2021-10-19
2576,0.3519798896529458,2021-10-20
2577,0.06590240448713303,2021-10-21
2578,-0.33450669050216675,2021-10-22
2579,-0.33450669050216675,2021-10-23
2580,0.4426344931125641,2021-10-24
2581,-0.20489673018455506,2021-10-25
2582,0.12493133544921875,2021-10-26
2583,-0.411102831363678,2021-10-27
2584,0.07189415395259857,2021-10-28
2585,0.6889636516571045,2021-10-29
2586,0.6889636516571045,2021-10-30
2587,0.0,2021-10-31
2588,-0.28746698300043744,2021-11-01
2589,0.0,2021-11-02
2590,-0.23124889135360718,2021-11-03
2591,-0.21627749715532577,2021-11-04
2592,0.14796000719070435,2021-11-05
2593,0.14796000719070435,2021-11-06
2594,0.36389657855033875,2021-11-07
2595,0.29920415367398945,2021-11-08
2596,0.033517343657357354,2021-11-09
2597,-0.29667554582868305,2021-11-10
2598,-0.3198121686776479,2021-11-11
2599,-0.6855658888816833,2021-11-12
2600,-0.5881862342357635,2021-11-13
2601,-0.3714390695095062,2021-11-14
2602,-0.3321802814801534,2021-11-15
2603,-0.3321802814801534,2021-11-16
2604,-0.3063400189081828,2021-11-17
2605,-0.6742369055747985,2021-11-18
2606,-0.516751093523843,2021-11-19
2607,-0.516751093523843,2021-11-20
2608,-0.9130190014839172,2021-11-21
2609,-0.6146339688982282,2021-11-22
2610,-0.390298068523407,2021-11-23
2611,-0.6400186419487,2021-11-24
2612,-0.01495698094367981,2021-11-25
2613,-0.9564242164293925,2021-11-26
2614,-0.9564242164293925,2021-11-27
2615,-0.8413248062133789,2021-11-28
2616,0.05213568607966105,2021-11-29
2617,-0.01879730075597763,2021-11-30
2618,-0.22744342684745789,2021-12-01
2619,-0.6352244913578033,2021-12-02
2620,-0.817376971244812,2021-12-03
2621,-0.9656940698623657,2021-12-04
2622,-0.31945131222407025,2021-12-05
2623,-0.2656630575656891,2021-12-06
2624,-0.5591424107551575,2021-12-07
2625,-0.5591424107551575,2021-12-08
2626,-0.9690322875976562,2021-12-09
2627,-0.6495348910490671,2021-12-10
2628,-0.6495348910490671,2021-12-11
2629,-0.46071478724479675,2021-12-12
2630,-0.5107081958225795,2021-12-13
2631,-0.6248451802465651,2021-12-14
2632,-0.37193621907915386,2021-12-15
2633,-0.14411892741918564,2021-12-16
2634,-0.7712415456771851,2021-12-17
2635,-0.7712415456771851,2021-12-18
2636,-0.46341758966445923,2021-12-19
2637,-0.38835708300272626,2021-12-20
2638,-0.1830422043800354,2021-12-21
2639,-0.6008514364560446,2021-12-22
2640,-0.1367587447166443,2021-12-23
2641,0.5945804715156555,2021-12-24
2642,0.5945804715156555,2021-12-25
2643,-0.4716643989086151,2021-12-26
2644,-0.05182449519634247,2021-12-27
2645,-0.5307612816492716,2021-12-28
2646,0.26553549369176227,2021-12-29
2647,-0.4004730156489781,2021-12-30
2648,-0.4004730156489781,2021-12-31
2649,-0.4004730156489781,2022-01-01
2650,-0.4004730156489781,2022-01-02
2651,-0.4004730156489781,2022-01-03
2652,-0.20210119088490805,2022-01-04
2653,-0.30991266295313835,2022-01-05
2654,-0.5773742735385895,2022-01-06
2655,-0.9187964200973511,2022-01-07
2656,-0.9645383954048157,2022-01-08
2657,-0.6323563456535339,2022-01-09
2658,-0.9161141685077122,2022-01-10
2659,-0.3799630105495453,2022-01-11
2660,-0.2977288603782654,2022-01-12
2661,-0.238232883810997,2022-01-13
2662,-0.598145604133606,2022-01-14
2663,-0.598145604133606,2022-01-15
2664,-0.9433073699474335,2022-01-16
2665,-0.05414451162020365,2022-01-17
2666,-0.949054886897405,2022-01-18
2667,-0.5557529926300049,2022-01-19
2668,-0.6113251958574567,2022-01-20
2669,-0.767586178249783,2022-01-21
2670,-0.767586178249783,2022-01-22
2671,-0.6446888645490011,2022-01-23
2672,-0.588784224457211,2022-01-24
2673,-0.3390161767601967,2022-01-25
2674,-0.440510766846793,2022-01-26
2675,-0.6528269946575165,2022-01-27
2676,-0.13154122829437256,2022-01-28
2677,-0.13154122829437256,2022-01-29
2678,-0.4435676634311676,2022-01-30
2679,-0.7237580358982086,2022-01-31
2680,-0.5727715611457824,2022-02-01
2681,-0.579933762550354,2022-02-02
2682,-0.5533538043498993,2022-02-03
2683,-0.16802552342414856,2022-02-04
2684,-0.16802552342414856,2022-02-05
2685,0.0,2022-02-06
2686,-0.21040997240278456,2022-02-07
2687,-0.7133573412895202,2022-02-08
2688,0.3842278633798872,2022-02-09
2689,-0.08224038945304023,2022-02-10
2690,-0.7419342041015625,2022-02-11
2691,-0.7419342041015625,2022-02-12
2692,-0.8125992119312286,2022-02-13
2693,-0.2550711274147034,2022-02-14
2694,-0.27277718484401703,2022-02-15
2695,-0.06632484330071343,2022-02-16
2696,-0.6361108356051974,2022-02-17
2697,-0.9446866750717163,2022-02-18
2698,-0.9446866750717163,2022-02-19
2699,-0.4842042922973633,2022-02-20
2700,-0.5621756792068482,2022-02-21
2701,-0.4955739751458168,2022-02-22
2702,-0.44873642921447754,2022-02-23
2703,-0.5277914553880692,2022-02-24
2704,-0.8569403092066447,2022-02-25
2705,-0.939919114112854,2022-02-26
2706,-0.46995028853416443,2022-02-27
2707,-0.16417417923609415,2022-02-28
2708,-0.19489465902249017,2022-03-01
2709,-0.13909448981285094,2022-03-02
2710,-0.34990533102642407,2022-03-03
2711,-0.6242389877637228,2022-03-04
2712,-0.6242389877637228,2022-03-05
2713,0.0,2022-03-06
2714,-0.8103400096297264,2022-03-07
2715,-0.1406306070940835,2022-03-08
2716,0.05370009487325495,2022-03-09
2717,-0.20428043603897095,2022-03-10
2718,-0.5318570733070374,2022-03-11
2719,-0.5318570733070374,2022-03-12
2720,-0.47306370735168457,2022-03-13
2721,-0.2907139999525888,2022-03-14
2722,-0.2314710191317967,2022-03-15
2723,0.14593759179115295,2022-03-16
2724,0.2125348001718521,2022-03-17
2725,0.10912845532099406,2022-03-18
2726,0.10912845532099406,2022-03-19
2727,-0.4584403336048126,2022-03-20
2728,-0.5592220340456281,2022-03-21
2729,0.39900883436203005,2022-03-22
2730,-0.4339091082413991,2022-03-23
2731,0.6152828559279442,2022-03-24
2732,-0.1026532530784607,2022-03-25
2733,-0.1026532530784607,2022-03-26
2734,0.5740087032318115,2022-03-27
2735,0.553117044766744,2022-03-28
2736,0.12768730521202087,2022-03-29
2737,0.923794150352478,2022-03-30
2738,-0.6571680158376694,2022-03-31
2739,-0.634650593996048,2022-04-01
2740,-0.634650593996048,2022-04-02
2741,0.06020417809486389,2022-04-03
2742,-0.22454329473631723,2022-04-04
2743,-0.7377222577730814,2022-04-05
2744,-0.4148271679878235,2022-04-06
2745,-0.33441338936487836,2022-04-07
2746,-0.43802385330200194,2022-04-08
2747,-0.43802385330200194,2022-04-09
2748,-0.48309770226478577,2022-04-10
2749,-0.7799564401308695,2022-04-11
2750,-0.4604025110602379,2022-04-12
2751,-0.06592265516519547,2022-04-13
2752,-0.47660117348035175,2022-04-14
2753,-0.8233482042948405,2022-04-15
2754,-0.8233482042948405,2022-04-16
2755,-0.4766842722892761,2022-04-17
2756,-0.38678598403930664,2022-04-18
2757,0.2007576785981655,2022-04-19
2758,-0.5243061110377312,2022-04-20
2759,0.1456502303481102,2022-04-21
2760,-0.769259762763977,2022-04-22
2761,-0.769259762763977,2022-04-23
2762,-0.4700905978679657,2022-04-24
2763,-0.8126973708470663,2022-04-25
2764,-0.8958133235573769,2022-04-26
2765,-0.27840783819556236,2022-04-27
2766,-0.22465517123540243,2022-04-28
2767,-0.2658916413784027,2022-04-29
2768,-0.2658916413784027,2022-04-30
2769,-0.8890130519866943,2022-05-01
2770,-0.8551798045635224,2022-05-02
2771,-0.7575798829396566,2022-05-03
2772,0.0,2022-05-04
2773,-0.6849130988121033,2022-05-05
2774,-0.9250059298106602,2022-05-06
2775,-0.9250059298106602,2022-05-07
2776,-0.7223715633153915,2022-05-08
2777,-0.6843377828598023,2022-05-09
2778,-0.6098670363426208,2022-05-10
2779,-0.9613099438803536,2022-05-11
2780,-0.9026024416089058,2022-05-12
2781,-0.8822647333145142,2022-05-13
2782,-0.619520366191864,2022-05-14
2783,-0.4389449656009674,2022-05-15
2784,-0.7107140362262726,2022-05-16
2785,-0.02096029690333775,2022-05-17
2786,-0.7462919116020202,2022-05-18
2787,-0.5720938086509705,2022-05-19
2788,-0.8806831687688828,2022-05-20
2789,-0.8806831687688828,2022-05-21
2790,0.4623720943927765,2022-05-22
2791,-0.20652902126312256,2022-05-23
2792,-0.5577790141105652,2022-05-24
2793,-0.7781838551163673,2022-05-25
2794,-0.7988728980223337,2022-05-26
2795,-0.6755024552345276,2022-05-27
2796,-0.6755024552345276,2022-05-28
2797,-0.38319459557533264,2022-05-29
2798,-0.016247351964314777,2022-05-30
2799,0.1631280013493129,2022-05-31
2800,-0.7214375436306,2022-06-01
2801,-0.4487933601651873,2022-06-02
2802,-0.9054114371538162,2022-06-03
2803,-0.9054114371538162,2022-06-04
2804,-0.9054114371538162,2022-06-05
2805,-0.2386925160884857,2022-06-06
2806,-0.8005244731903076,2022-06-07
2807,-0.571716058254242,2022-06-08
2808,-0.8690148591995239,2022-06-09
2809,-0.45058598688670565,2022-06-10
2810,-0.45058598688670565,2022-06-11
2811,0.0,2022-06-12
2812,-0.8630622559123569,2022-06-13
2813,-0.6261309583981832,2022-06-14
2814,-0.5697732440062931,2022-06-15
2815,0.062438766161600746,2022-06-16
2816,-0.7366994619369507,2022-06-17
2817,-0.9739516377449036,2022-06-18
2818,-0.44892147183418274,2022-06-19
2819,-0.5302163600921631,2022-06-20
2820,-0.20524276793003082,2022-06-21
2821,-0.7868172228336334,2022-06-22
2822,-0.10021712098802839,2022-06-23
2823,0.013627009732382638,2022-06-24
2824,0.013627009732382638,2022-06-25
2825,-0.46084222197532654,2022-06-26
2826,-0.727960616350174,2022-06-27
2827,-0.7868829667568207,2022-06-28
2828,-0.6287653771313754,2022-06-29
2829,-0.4859471023082733,2022-06-30
2830,-0.4859471023082733,2022-07-01
2831,-0.4859471023082733,2022-07-02
2832,-0.4859471023082733,2022-07-03
2833,-0.721110925078392,2022-07-04
2834,-0.16979840993881226,2022-07-05
2835,-0.3630250096321106,2022-07-06
2836,-0.40552233656247455,2022-07-07
2837,-0.13997352123260498,2022-07-08
2838,-0.13997352123260498,2022-07-09
2839,0.0,2022-07-10
2840,-0.7016537427902222,2022-07-11
2841,-0.6999832391738892,2022-07-12
2842,-0.5492191206325184,2022-07-13
2843,0.027608378065956965,2022-07-14
2844,0.4096351027488708,2022-07-15
2845,0.4096351027488708,2022-07-16
2846,-0.9246218800544739,2022-07-17
2847,0.7355467677116394,2022-07-18
2848,0.21558568694374777,2022-07-19
2849,-0.332928995291392,2022-07-20
2850,-0.30960559099912643,2022-07-21
2851,-0.38820205132166546,2022-07-22
2852,-0.38820205132166546,2022-07-23
2853,-0.38820205132166546,2022-07-24
2854,-0.7739450250353131,2022-07-25
2855,-0.6282754689455032,2022-07-26
2856,0.4595599412918091,2022-07-27
2857,-0.517204999923706,2022-07-28
2858,0.00984428326288859,2022-07-29
2859,0.00984428326288859,2022-07-30
2860,0.5803026556968689,2022-07-31
2861,-0.7619410923549107,2022-08-01
2862,-0.964533731341362,2022-08-02
2863,0.17490145564079285,2022-08-03
2864,-0.8446362495422364,2022-08-04
2865,-0.8381221294403076,2022-08-05
2866,-0.8381221294403076,2022-08-06
2867,-0.8381221294403076,2022-08-07
2868,0.20948198437690735,2022-08-08
2869,-0.48968998591105145,2022-08-09
2870,0.18065325419108072,2022-08-10
2871,0.3033860425154368,2022-08-11
2872,-0.3169418275356293,2022-08-12
2873,-0.3169418275356293,2022-08-13
2874,-0.3169418275356293,2022-08-14
2875,-0.4218331128358841,2022-08-15
2876,-0.7969792127609253,2022-08-16
2877,-0.4375058673322201,2022-08-17
2878,-0.7507118344306946,2022-08-18
2879,-0.7197299003601074,2022-08-19
2880,-0.7197299003601074,2022-08-20
2881,-0.7197299003601074,2022-08-21
2882,-0.3950312212109566,2022-08-22
2883,-0.7865645970617022,2022-08-23
2884,-0.5946764588356018,2022-08-24
2885,0.09356196437563215,2022-08-25
2886,-0.7078118721644083,2022-08-26
2887,-0.7078118721644083,2022-08-27
2888,-0.7078118721644083,2022-08-28
2889,-0.742347252368927,2022-08-29
2890,-0.10826072522572108,2022-08-30
2891,-0.9168386360009512,2022-08-31
2892,-0.9141274333000183,2022-09-01
2893,-0.28302356600761414,2022-09-02
2894,-0.28302356600761414,2022-09-03
2895,-0.28302356600761414,2022-09-04
2896,-0.4921987737928118,2022-09-05
2897,-0.16218478232622147,2022-09-06
2898,-0.7515036225318908,2022-09-07
2899,0.33929648995399475,2022-09-08
2900,0.4175458285543654,2022-09-09
2901,0.4175458285543654,2022-09-10
2902,0.4175458285543654,2022-09-11
2903,-0.2722068056464195,2022-09-12
2904,-0.27837746739387514,2022-09-13
2905,-0.48969634090151104,2022-09-14
2906,0.2156364917755127,2022-09-15
2907,-0.5374076877321515,2022-09-16
2908,-0.5374076877321515,2022-09-17
2909,-0.5374076877321515,2022-09-18
2910,-0.6922743618488312,2022-09-19
2911,-0.4829001860185103,2022-09-20
2912,-0.3707798057132297,2022-09-21
2913,-0.13703819115956625,2022-09-22
2914,-0.8451261520385742,2022-09-23
2915,-0.8451261520385742,2022-09-24
2916,-0.8451261520385742,2022-09-25
2917,-0.36969178915023804,2022-09-26
2918,-0.1685406764348348,2022-09-27
2919,-0.6357333312431971,2022-09-28
2920,-0.19499514500300089,2022-09-29
2921,-0.3938827872276306,2022-09-30
2922,-0.3938827872276306,2022-10-01
2923,-0.3938827872276306,2022-10-02
2924,-0.73108771443367,2022-10-03
2925,0.33678675889968873,2022-10-04
2926,-0.06746599078178406,2022-10-05
2927,0.09298509359359741,2022-10-06
2928,-0.7101358622312546,2022-10-07
2929,-0.7101358622312546,2022-10-08
2930,0.5655554533004761,2022-10-09
2931,-0.6087395350138346,2022-10-10
2932,-0.9226052264372507,2022-10-11
2933,-0.48981238073772854,2022-10-12
2934,-0.4633868485689163,2022-10-13
2935,0.063951918057033,2022-10-14
2936,0.063951918057033,2022-10-15
2937,0.063951918057033,2022-10-16
2938,0.056227318942546844,2022-10-17
2939,-0.25161473751068114,2022-10-18
2940,-0.777168519794941,2022-10-19
2941,-0.6879288703203201,2022-10-20
2942,-0.08356423676013947,2022-10-21
2943,-0.08356423676013947,2022-10-22
2944,-0.08356423676013947,2022-10-23
2945,-0.440898950610842,2022-10-24
2946,0.16235235562691322,2022-10-25
2947,0.1723330881860521,2022-10-26
2948,-0.4758148863911629,2022-10-27
2949,-0.12041029334068298,2022-10-28
2950,-0.12041029334068298,2022-10-29
2951,-0.12041029334068298,2022-10-30
2952,-0.43292877078056335,2022-10-31
2953,0.11318738758563995,2022-11-01
2954,-0.09908706943194072,2022-11-02
2955,-0.7649719268083572,2022-11-03
2956,-0.08587254583835602,2022-11-04
2957,-0.08587254583835602,2022-11-05
2958,-0.08587254583835602,2022-11-06
2959,-0.6403704796518598,2022-11-07
2960,-0.9436445917401995,2022-11-08
2961,-0.9516702368855476,2022-11-09
2962,-0.46474923491477965,2022-11-10
2963,-0.6955022931098938,2022-11-11
2964,-0.6955022931098938,2022-11-12
2965,0.0,2022-11-13
2966,-0.7304799225595262,2022-11-14
2967,-0.4701157212257385,2022-11-15
2968,-0.7475565009646945,2022-11-16
2969,-0.4696973040699959,2022-11-17
2970,-0.7292335808277131,2022-11-18
2971,-0.7292335808277131,2022-11-19
2972,-0.7292335808277131,2022-11-20
2973,-0.877603636847602,2022-11-21
2974,-0.35304877161979675,2022-11-22
2975,-0.19203943014144897,2022-11-23
2976,-0.0042168498039245605,2022-11-24
2977,-0.4841628670692444,2022-11-25
2978,-0.4841628670692444,2022-11-26
2979,0.7372481822967529,2022-11-27
2980,-0.9127996563911438,2022-11-28
2981,-0.8835435211658478,2022-11-29
2982,-0.30763102571169537,2022-11-30
2983,-0.4020213186740875,2022-12-01
2984,-0.5469287157058715,2022-12-02
2985,-0.5469287157058715,2022-12-03
2986,-0.5469287157058715,2022-12-04
2987,-0.46346068382263184,2022-12-05
2988,-0.686529666185379,2022-12-06
2989,-0.5188030004501343,2022-12-07
2990,-0.48778897027174634,2022-12-08
2991,-0.4429416358470917,2022-12-09
2992,-0.4429416358470917,2022-12-10
2993,-0.9368791580200195,2022-12-11
2994,-0.8271170258522034,2022-12-12
2995,-0.4950839446650611,2022-12-13
2996,-0.5082840323448181,2022-12-14
2997,-0.7208205908536911,2022-12-15
2998,-0.961380910873413,2022-12-16
2999,-0.961380910873413,2022-12-17
3000,-0.961380910873413,2022-12-18
3001,-0.6112374663352966,2022-12-19
3002,0.17218847572803497,2022-12-20
3003,-0.5187192440032959,2022-12-21
3004,-0.4916279060500009,2022-12-22
3005,-0.5263579562306404,2022-12-23
3006,-0.5263579562306404,2022-12-24
3007,-0.5263579562306404,2022-12-25
3008,0.9146521687507629,2022-12-26
3009,0.9146521687507629,2022-12-27
3010,-0.4706893265247345,2022-12-28
3011,-0.759724748134613,2022-12-29
3012,-0.045408159494400024,2022-12-30
3013,-0.045408159494400024,2022-12-31
3014,-0.708275556564331,2023-01-01
3015,0.8128933906555176,2023-01-02
3016,0.005556643009185791,2023-01-03
3017,-0.21263034641742706,2023-01-04
3018,-0.26422837376594543,2023-01-05
3019,-0.5933803245425224,2023-01-06
3020,-0.5933803245425224,2023-01-07
3021,-0.5933803245425224,2023-01-08
3022,0.42324312244142803,2023-01-09
3023,-0.43863557444678414,2023-01-10
3024,-0.7876573875546455,2023-01-11
3025,-0.02399177849292755,2023-01-12
3026,0.26036411896348,2023-01-13
3027,0.5175297856330872,2023-01-14
3028,0.5175297856330872,2023-01-15
3029,0.35124145448207855,2023-01-16
3030,0.4156494438648224,2023-01-17
3031,-0.110684335231781,2023-01-18
3032,-0.5462167329258389,2023-01-19
3033,0.11925087869167328,2023-01-20
3034,0.11925087869167328,2023-01-21
3035,0.11925087869167328,2023-01-22
3036,0.3330888109547751,2023-01-23
3037,-0.25050756335258484,2023-01-24
3038,-0.20064825812975565,2023-01-25
3039,-0.04396401345729828,2023-01-26
3040,0.26880568265914917,2023-01-27
3041,0.26880568265914917,2023-01-28
3042,0.26880568265914917,2023-01-29
3043,-0.09893878017153059,2023-01-30
3044,-0.3410745660463969,2023-01-31
3045,-0.1039682464166121,2023-02-01
3046,0.37503987550735474,2023-02-02
3047,-0.659782350063324,2023-02-03
3048,-0.659782350063324,2023-02-04
3049,-0.659782350063324,2023-02-05
3050,-0.39138537645339966,2023-02-06
3051,-0.3173390328884125,2023-02-07
3052,0.2714165349801381,2023-02-08
3053,-0.7213794589042664,2023-02-09
3054,-0.9523091713587443,2023-02-10
3055,-0.9523091713587443,2023-02-11
3056,-0.9523091713587443,2023-02-12
3057,-0.7282848432660103,2023-02-13
3058,-0.35377558320760727,2023-02-14
3059,0.10335727930068969,2023-02-15
3060,-0.018934999193464006,2023-02-16
3061,-0.25288347403208417,2023-02-17
3062,-0.883193850517273,2023-02-18
3063,-0.883193850517273,2023-02-19
3064,0.05846714973449707,2023-02-20
3065,-0.2002663811047872,2023-02-21
3066,-0.13863863050937653,2023-02-22
3067,-0.7368098139762879,2023-02-23
3068,-0.5301370173692703,2023-02-24
3069,-0.5301370173692703,2023-02-25
3070,-0.5301370173692703,2023-02-26
3071,-0.12250633324895586,2023-02-27
3072,-0.7363058924674988,2023-02-28
