id,CoinDate,CoinOpen,CoinHigh,CoinLow,CoinClose,CoinVolume,CoinCap
6,2022/11/27,16463.88,16594.41,16437.03,16444.63,20443898509.0,316040534592.0
7,2022/11/26,16521.58,16666.86,16416.23,16464.28,18000008764.0,316404791285.0
8,2022/11/25,16602.27,16603.32,16388.4,16521.84,18678255976.0,317499392769.0
9,2022/11/24,16611.64,16771.48,16501.77,16604.47,26129037414.0,319074189335.0
10,2022/11/23,16195.59,16638.19,16170.5,16610.71,32958875628.0,319180537510.0
11,2022/11/22,15782.3,16253.05,15656.61,16189.77,30726828760.0,311078520949.0
12,2022/11/21,16291.22,16291.22,15599.05,15787.28,37429485518.0,303332140407.0
13,2022/11/20,16712.92,16746.78,16248.69,16291.83,21313378652.0,313012826680.0
14,2022/11/19,16696.22,16797.88,16570.41,16711.55,16106223492.0,321061621176.0
15,2022/11/18,16687.91,16947.06,16564.61,16697.78,26862218609.0,320781106963.0
16,2022/11/17,16670.43,16726.44,16460.68,16687.52,27868914022.0,320570440521.0
17,2022/11/16,16884.34,16960.3,16430.11,16669.44,33925512989.0,320208159887.0
18,2022/11/15,16617.48,17051.96,16542.55,16884.61,36599436183.0,324326299580.0
19,2022/11/14,16352.03,17109.32,15872.94,16618.2,49630243054.0,319192915033.0
20,2022/11/13,16799.72,16920.77,16320.64,16353.37,27209183682.0,314093257178.0
21,2022/11/12,17036.88,17066.68,16651.77,16799.18,29717699419.0,322642084634.0
22,2022/11/11,17583.25,17650.94,16543.48,17034.29,55871616488.0,327139766936.0
23,2022/11/10,15883.16,18054.31,15834.02,17586.77,83202283721.0,337735690620.0
24,2022/11/09,18543.76,18590.46,15682.69,15880.78,102905151606.0,304958504278.0
25,2022/11/08,20600.67,20664.61,17603.54,18541.27,118992465607.0,356030188153.0
26,2022/11/07,20924.62,21053.25,20489.97,20602.82,53510852236.0,395596352770.0
27,2022/11/06,21285.06,21345.38,20920.19,20926.49,35082693210.0,401792318391.0
28,2022/11/05,21144.83,21446.89,21097.64,21282.69,37846047609.0,408613690153.0
29,2022/11/04,20208.77,21209.56,20188.02,21147.23,64072727950.0,405992446611.0
30,2022/11/03,20162.69,20382.1,20086.24,20209.99,43228750179.0,387983112928.0
31,2022/11/02,20482.96,20742.81,20087.13,20159.5,55552169483.0,386993271474.0
32,2022/11/01,20494.9,20647.29,20359.85,20485.27,39819303159.0,393230695988.0
33,2022/10/31,20633.7,20795.32,20287.46,20495.77,45668466815.0,393413045573.0
34,2022/10/30,20817.98,20917.01,20547.46,20635.6,31486345556.0,396075135322.0
35,2022/10/29,20595.1,20988.39,20566.48,20818.48,40369840645.0,399567972100.0
36,2022/10/28,20287.96,20724.98,20086.07,20595.35,43994715910.0,395266756395.0
37,2022/10/27,20772.8,20854.04,20255.37,20285.84,49625110402.0,389306507854.0
38,2022/10/26,20092.24,20938.13,20076.12,20770.44,58895950537.0,398588922091.0
39,2022/10/25,19344.96,20348.41,19261.45,20095.86,47761524910.0,385624152242.0
40,2022/10/24,19567.77,19589.12,19206.32,19345.57,30202235805.0,371211779873.0
41,2022/10/23,19207.73,19646.65,19124.2,19567.01,22128794335.0,375444263357.0
42,2022/10/22,19172.38,19248.07,19132.24,19208.19,16104440957.0,368541303588.0
43,2022/10/21,19053.2,19237.39,18770.97,19172.47,32459287866.0,367839754255.0
44,2022/10/20,19138.09,19315.2,18971.46,19053.74,24493974420.0,365543015077.0
45,2022/10/19,19335.03,19348.42,19127.69,19139.53,22425387184.0,367171621206.0
46,2022/10/18,19550.47,19667.0,19144.77,19334.42,30580012344.0,370891718468.0
47,2022/10/17,19268.56,19635.8,19173.33,19550.76,27472552998.0,375024092834.0
48,2022/10/16,19068.91,19389.6,19068.91,19268.09,17988916650.0,369584293836.0
49,2022/10/15,19185.44,19212.54,19019.25,19067.64,16192235532.0,365722351005.0
50,2022/10/14,19382.53,19889.15,19115.41,19185.66,38452356727.0,367967465553.0
51,2022/10/13,19156.97,19453.33,18319.82,19382.9,44219840004.0,371731749298.0
52,2022/10/12,19052.65,19203.2,19029.76,19157.45,24950173846.0,367391447230.0
53,2022/10/11,19139.0,19241.96,18925.6,19051.42,28711532910.0,365340817941.0
54,2022/10/10,19446.42,19515.47,19102.98,19141.48,27425022774.0,367049182259.0
55,2022/10/09,19417.48,19542.54,19349.26,19446.43,16837262532.0,372876821416.0
56,2022/10/08,19546.33,19601.7,19299.41,19416.57,16437423167.0,372284398575.0
57,2022/10/07,19957.56,20041.09,19395.79,19546.85,29227315390.0,374761116006.0
58,2022/10/06,20161.04,20408.39,19900.09,19955.44,34711412966.0,382574032286.0
59,2022/10/05,20335.9,20343.75,19801.8,20160.72,33223790572.0,386489739243.0
60,2022/10/04,19623.58,20380.34,19523.84,20336.84,35887278685.0,389843287588.0
61,2022/10/03,19044.07,19653.54,19025.23,19623.58,30484729489.0,376151028151.0
62,2022/10/02,19311.85,19370.31,18970.62,19044.11,20765955327.0,365024821954.0
63,2022/10/01,19431.1,19471.15,19231.08,19312.09,18719537670.0,370142714487.0
64,2022/09/30,19573.43,20109.85,19265.66,19431.79,43975248085.0,372414733487.0
65,2022/09/29,19427.78,19589.27,18924.35,19573.05,41037843771.0,375100872175.0
66,2022/09/28,19104.62,19688.34,18553.3,19426.72,53071298734.0,372279603227.0
67,2022/09/27,19221.84,20338.46,18915.67,19110.55,58571439619.0,366202733264.0
68,2022/09/26,18803.9,19274.87,18721.29,19222.67,44148798321.0,368335944296.0
69,2022/09/25,18936.31,19134.73,18696.47,18802.1,23359966112.0,360259346858.0
70,2022/09/24,19296.99,19310.2,18861.97,18937.01,26149643168.0,362826506172.0
71,2022/09/23,19412.4,19464.67,18617.55,19297.64,38896078052.0,369718966325.0
72,2022/09/22,18534.65,19456.91,18415.59,19413.55,41135767926.0,371923967755.0
73,2022/09/21,18891.28,19674.63,18290.32,18547.4,46363793975.0,355314855624.0
74,2022/09/20,19545.59,19602.46,18813.46,18890.79,36791346508.0,361876433047.0
75,2022/09/19,19418.57,19639.48,18390.32,19544.13,40177002624.0,374373522207.0
76,2022/09/18,20127.23,20127.23,19387.49,19419.51,31254779144.0,371970445843.0
77,2022/09/17,19777.03,20162.53,19777.03,20127.58,24957448100.0,385513277845.0
78,2022/09/16,19704.01,19870.63,19400.08,19772.58,30123362273.0,378693173324.0
79,2022/09/15,20242.29,20318.17,19636.73,19701.21,36389011503.0,377311288517.0
80,2022/09/14,20184.56,20467.2,19793.4,20241.09,37872380889.0,387631908835.0
81,2022/09/13,22371.48,22673.82,20062.67,20296.71,51091116622.0,388682319976.0
82,2022/09/12,21770.15,22439.18,21603.9,22370.45,50212088965.0,428373958242.0
83,2022/09/11,21678.54,21770.55,21406.94,21769.26,34493951963.0,416840289162.0
84,2022/09/10,21376.91,21760.28,21168.72,21680.54,36913738894.0,415117548315.0
85,2022/09/09,19328.14,21439.41,19310.96,21381.15,48469528171.0,409363809141.0
86,2022/09/08,19289.94,19417.35,19076.71,19329.83,32194477850.0,370071738763.0
87,2022/09/07,18837.68,19427.17,18644.47,19290.32,35239757134.0,369299496559.0
88,2022/09/06,19817.72,20155.27,18800.17,18837.67,43403978910.0,360616650169.0
89,2022/09/05,19988.79,20031.16,19673.05,19812.37,28813460025.0,379258182345.0
90,2022/09/04,19832.47,19999.69,19636.82,19986.71,25245861652.0,382576542382.0
91,2022/09/03,19969.72,20037.01,19698.36,19832.09,23613051457.0,379595440557.0
92,2022/09/02,20126.07,20401.57,19814.77,19969.77,29123998928.0,382212933184.0
93,2022/09/01,20050.5,20198.39,19653.97,20127.14,30182031010.0,385208305832.0
94,2022/08/31,19799.58,20420.99,19799.58,20049.76,33225232872.0,383710102295.0
95,2022/08/30,20298.61,20542.64,19617.64,19796.81,34483360283.0,378850670474.0
96,2022/08/29,19615.15,20357.46,19600.79,20297.99,32637854078.0,388422039679.0
97,2022/08/28,20041.03,20139.05,19616.81,19616.81,24366810591.0,375367382008.0
98,2022/08/27,20262.48,20340.77,19890.52,20041.74,30116729776.0,383478483269.0
99,2022/08/26,21596.09,21804.91,20199.48,20260.02,42326789564.0,387636192941.0
100,2022/08/25,21395.46,21789.64,21362.44,21600.91,31028679593.0,413267825941.0
101,2022/08/24,21526.46,21783.08,21195.01,21395.02,31962253368.0,409308514098.0
102,2022/08/23,21401.05,21646.2,20955.14,21528.09,31878280659.0,411833237128.0
103,2022/08/22,21531.46,21531.46,20939.18,21398.91,31666498758.0,409340103013.0
104,2022/08/21,21160.39,21668.85,21103.2,21534.12,23102307723.0,411906673576.0
105,2022/08/20,20872.84,21350.81,20856.73,21166.06,27595671000.0,404848126556.0
106,2022/08/19,23213.31,23213.31,20868.85,20877.55,40509610260.0,399309311306.0
107,2022/08/18,23341.04,23563.83,23177.6,23212.74,23747613147.0,443947256036.0
108,2022/08/17,23881.32,24407.06,23243.35,23336.0,30931623076.0,446283604020.0
109,2022/08/16,24126.14,24228.42,23733.5,23883.29,27753685646.0,456730745423.0
110,2022/08/15,24318.32,25135.59,23839.77,24136.97,35123501685.0,461560003437.0
111,2022/08/14,24429.06,24974.91,24206.26,24319.33,22994133555.0,465024405299.0
112,2022/08/13,24402.19,24860.05,24346.11,24424.07,22987346289.0,467007252129.0
113,2022/08/12,23957.2,24412.57,23657.27,24402.82,27265804688.0,466578839478.0
114,2022/08/11,23948.35,24822.63,23901.0,23957.53,37127036580.0,458043109398.0
115,2022/08/10,23162.9,24127.41,22771.52,23947.64,32837431722.0,457833729142.0
116,2022/08/09,23811.48,23898.62,22982.0,23164.32,23555719219.0,442835162483.0
117,2022/08/08,23179.53,24203.69,23176.55,23809.49,28575544847.0,455148536624.0
118,2022/08/07,22963.51,23359.01,22894.56,23175.89,15886817043.0,443014963855.0
119,2022/08/06,23291.42,23326.56,22961.28,22961.28,15978259885.0,438890198161.0
120,2022/08/05,22626.83,23422.83,22612.18,23289.31,28881249043.0,445137234252.0
121,2022/08/04,22848.21,23198.01,22485.7,22630.96,25120229769.0,432532599007.0
122,2022/08/03,22981.3,23578.65,22747.84,22846.51,26288169966.0,436633304289.0
123,2022/08/02,23308.43,23415.04,22710.08,22978.12,28389250717.0,439128030642.0
124,2022/08/01,23336.72,23464.79,22890.8,23314.2,25849159141.0,445527356896.0
125,2022/07/31,23652.07,24121.64,23275.7,23336.9,23553591896.0,445941074223.0
126,2022/07/30,23796.82,24572.58,23580.51,23656.21,28148218301.0,452020722099.0
127,2022/07/29,23845.21,24294.79,23481.17,23804.63,35887249746.0,454837507676.0
128,2022/07/28,22933.64,24110.47,22722.27,23843.89,40212386158.0,455565748692.0
129,2022/07/27,21244.17,22986.53,21070.81,22930.55,31758955233.0,438095993233.0
130,2022/07/26,21361.12,21361.12,20776.82,21239.75,28624673855.0,405770108605.0
131,2022/07/25,22607.16,22649.12,21361.64,21361.7,35574561406.0,408078695878.0
132,2022/07/24,22465.51,22974.0,22306.84,22609.16,23565495303.0,431888879541.0
133,2022/07/23,22706.98,22977.21,22002.91,22465.48,24021799169.0,429122209145.0
134,2022/07/22,23163.75,23671.93,22603.42,22714.98,31421555646.0,433866028177.0
135,2022/07/21,23233.2,23388.32,22431.15,23164.63,33631012204.0,442435421339.0
136,2022/07/20,23393.19,24196.82,23009.95,23231.73,42932549127.0,443696738856.0
137,2022/07/19,22467.85,23666.96,21683.41,23389.43,48765202697.0,446690803766.0
138,2022/07/18,20781.91,22633.03,20781.91,22485.69,39974475562.0,429412153274.0
139,2022/07/17,21195.04,21600.64,20778.18,20779.34,22927802083.0,396808327005.0
140,2022/07/16,20834.1,21514.4,20518.9,21190.32,24302954056.0,404639672831.0
141,2022/07/15,20573.16,21138.24,20397.0,20836.33,25905575359.0,397861215081.0
142,2022/07/14,20211.47,20789.89,19689.26,20569.92,31158743333.0,392755738689.0
143,2022/07/13,19325.97,20223.05,18999.95,20212.07,33042430345.0,385908229968.0
144,2022/07/12,19970.48,20043.45,19308.53,19323.91,25810220018.0,368936762201.0
145,2022/07/11,20856.35,20856.35,19924.54,19970.56,24150249025.0,381264246558.0
146,2022/07/10,21591.08,21591.08,20727.12,20860.45,28688807249.0,398237577323.0
147,2022/07/09,21716.83,21877.14,21445.96,21592.21,29641127858.0,412185216768.0
148,2022/07/08,21637.16,22314.94,21257.45,21731.12,49899834488.0,414819851681.0
149,2022/07/07,20547.81,21771.82,20296.1,21637.59,25814972520.0,413013947459.0
150,2022/07/06,20194.62,20595.53,19823.51,20548.25,24598943708.0,392200896305.0
151,2022/07/05,20225.35,20635.47,19341.23,20190.11,26715546990.0,385349780370.0
152,2022/07/04,19297.31,20258.75,19063.07,20231.26,21594638208.0,386119553712.0
153,2022/07/03,19242.09,19558.27,18966.95,19297.08,16390821947.0,368272636368.0
154,2022/07/02,19274.84,19371.75,19027.08,19242.26,18100418740.0,367208487557.0
155,2022/07/01,19820.47,20632.67,19073.71,19269.37,30767551159.0,367709366219.0
156,2022/06/30,20108.31,20141.16,18729.66,19784.73,26267239923.0,377526215552.0
157,2022/06/29,20281.17,20364.16,19937.79,20104.02,23552740328.0,383598071095.0
158,2022/06/28,20731.54,21164.42,20228.81,20280.64,21381535161.0,386949194398.0
159,2022/06/27,21028.24,21478.09,20620.2,20735.48,20965695707.0,395606854741.0
160,2022/06/26,21496.49,21783.72,21016.27,21027.3,18027170497.0,401157940864.0
161,2022/06/25,21233.61,21520.91,20964.59,21502.34,18372538715.0,410202265385.0
162,2022/06/24,21084.65,21472.92,20777.51,21231.66,24957784918.0,405018505024.0
163,2022/06/23,19986.61,21135.76,19950.12,21085.88,26188097173.0,402219959761.0
164,2022/06/22,20719.41,20835.75,19848.08,19987.03,28574793478.0,381240087224.0
165,2022/06/21,20594.29,21620.63,20415.06,20710.6,28970212744.0,395025644880.0
166,2022/06/20,20553.37,20913.32,19689.17,20599.54,30818458597.0,392888024959.0
167,2022/06/19,19010.9,20683.82,18067.15,20553.27,35329942625.0,391988917194.0
168,2022/06/18,20473.42,20736.04,17708.62,19017.64,42009436760.0,362685324229.0
169,2022/06/17,20385.72,21243.31,20326.52,20471.48,27132421514.0,390391528176.0
170,2022/06/16,22576.31,22868.92,20265.23,20381.65,31183975654.0,388664840557.0
171,2022/06/15,22196.73,22642.67,20178.38,22572.84,54912007015.0,430432160006.0
172,2022/06/14,22487.99,23018.95,20950.82,22206.79,50913575242.0,423429131864.0
173,2022/06/13,26737.58,26795.59,22141.26,22487.39,68204556440.0,428759852105.0
174,2022/06/12,28373.51,28502.69,26762.65,26762.65,34163220274.0,510252464821.0
175,2022/06/11,29084.67,29401.92,28236.21,28360.81,27246574439.0,540698499860.0
176,2022/06/10,30110.33,30245.81,28978.15,29083.8,29867476527.0,554455834486.0
177,2022/06/09,30215.28,30609.31,30020.26,30112.0,21692004719.0,574029141739.0
178,2022/06/08,31151.48,31253.69,29944.4,30214.36,30242059107.0,575953219488.0
179,2022/06/07,31371.74,31489.68,29311.68,31155.48,40770974039.0,593857882017.0
180,2022/06/06,29910.28,31693.29,29894.19,31370.67,31947336829.0,597927548347.0
181,2022/06/05,29835.12,30117.74,29574.45,29906.66,17264085441.0,569996838237.0
182,2022/06/04,29706.14,29930.56,29500.01,29832.91,16588370958.0,568564420350.0
183,2022/06/03,30467.81,30633.03,29375.69,29704.39,26175547452.0,566088081691.0
184,2022/06/02,29794.89,30604.73,29652.7,30467.49,29083562061.0,580603466872.0
185,2022/06/01,31792.55,31957.28,29501.59,29799.08,41135817341.0,567842680886.0
186,2022/05/31,31723.87,32249.86,31286.15,31792.31,33538210634.0,605797887876.0
187,2022/05/30,29443.37,31949.63,29303.57,31726.39,39277993274.0,604513442526.0
188,2022/05/29,29019.87,29498.01,28841.11,29445.96,18093886409.0,561034743433.0
189,2022/05/28,28842.1,29135.92,28554.57,29023.49,19252320708.0,552958193308.0
190,2022/05/27,29251.14,29346.94,28326.61,28627.57,36582005748.0,545388222664.0
191,2022/05/26,29564.78,29834.16,28261.91,29267.22,36774325352.0,557547946793.0
192,2022/05/25,29653.14,30157.78,29384.95,29562.36,27525063551.0,563145244692.0
193,2022/05/24,29101.13,29774.35,28786.59,29655.59,26616506245.0,564895173841.0
194,2022/05/23,30309.4,30590.59,28975.56,29098.91,31483454557.0,554268758109.0
195,2022/05/22,29432.47,30425.86,29275.18,30323.72,21631532270.0,577568895836.0
196,2022/05/21,29199.86,29588.87,29027.39,29432.23,17274840442.0,560565793082.0
197,2022/05/20,30311.12,30664.98,28793.61,29200.74,30749382605.0,556131920269.0
198,2022/05/19,28720.36,30430.75,28708.96,30314.33,33773447707.0,577316228899.0
199,2022/05/18,30424.48,30618.72,28720.27,28720.27,31285268319.0,546936441380.0
200,2022/05/17,29862.41,30694.49,29570.3,30425.86,29101473475.0,579391415566.0
201,2022/05/16,31304.37,31305.34,29251.89,29862.92,32613897286.0,568643328349.0
202,2022/05/15,30098.59,31308.19,29527.74,31305.11,25835372065.0,596074575228.0
203,2022/05/14,29285.64,30192.8,28702.91,30101.27,28579868620.0,573129618195.0
204,2022/05/13,29030.91,30924.8,28782.33,29283.1,42841124537.0,557525025253.0
205,2022/05/12,28936.73,30032.44,26350.49,29047.75,66989173272.0,553017241735.0
206,2022/05/11,31016.18,32013.4,28170.41,28936.36,70388855818.0,550870071634.0
207,2022/05/10,30273.65,32596.31,29944.8,31022.91,59811038817.0,590565398299.0
208,2022/05/09,34060.02,34222.07,30296.95,30296.95,63355494961.0,576716899023.0
209,2022/05/08,35502.94,35502.94,33878.96,34059.26,36763041910.0,648302121215.0
210,2022/05/07,36042.5,36129.93,34940.82,35501.95,24375896406.0,675729532874.0
211,2022/05/06,36573.18,36624.36,35482.13,36040.92,37795577489.0,685953792236.0
212,2022/05/05,39695.75,39789.28,35856.52,36575.14,43106256317.0,696088266356.0
213,2022/05/04,37748.01,39902.95,37732.06,39698.37,36754404490.0,755491473700.0
214,2022/05/03,38528.11,38629.99,37585.62,37750.45,27326943244.0,718385701943.0
215,2022/05/02,38472.19,39074.97,38156.56,38529.33,32922642426.0,733170725791.0
216,2022/05/01,37713.27,38627.86,37585.79,38469.09,27002760110.0,731986764312.0
217,2022/04/30,38605.86,38771.21,37697.94,37714.88,23895713731.0,717596901509.0
218,2022/04/29,39768.62,39887.27,38235.54,38609.82,30882994649.0,734589762490.0
219,2022/04/28,39241.43,40269.47,38941.42,39773.83,33903704907.0,756698317682.0
220,2022/04/27,38120.3,39397.92,37997.31,39241.12,30981015184.0,746531438329.0
221,2022/04/26,40448.42,40713.89,37884.99,38117.46,34569088416.0,725113482674.0
222,2022/04/25,39472.61,40491.75,38338.38,40458.31,35445730570.0,769607056243.0
223,2022/04/24,39478.37,39845.92,39233.54,39469.29,17964398167.0,750755023764.0
224,2022/04/23,39738.72,39935.86,39352.2,39486.73,16138021249.0,751045477435.0
225,2022/04/22,40525.86,40777.76,39315.42,39740.32,28011716745.0,755827581233.0
226,2022/04/21,41371.52,42893.58,40063.83,40527.36,35372786395.0,770762297843.0
227,2022/04/20,41501.74,42126.3,40961.1,41374.38,27819532341.0,786828424699.0
228,2022/04/19,40828.17,41672.96,40618.63,41502.75,25303206547.0,789227424713.0
229,2022/04/18,39721.2,40986.32,38696.19,40826.21,33705182072.0,776330593866.0
230,2022/04/17,40417.78,40570.73,39620.89,39716.95,19087633042.0,755201997823.0
231,2022/04/16,40552.32,40633.68,40078.43,40424.48,16833150693.0,768615440640.0
232,2022/04/15,39939.4,40617.72,39866.83,40553.46,21756855753.0,771033872659.0
233,2022/04/14,41160.22,41451.48,39695.74,39935.52,24342001973.0,759245303311.0
234,2022/04/13,40123.57,41430.05,39712.75,41166.73,27691105228.0,782617115810.0
235,2022/04/12,39533.71,40617.59,39388.33,40127.18,30991500854.0,762819737794.0
236,2022/04/11,42201.04,42424.59,39373.06,39521.9,33949912166.0,751274786459.0
237,2022/04/10,42781.09,43376.38,42021.21,42207.67,17654475582.0,802293412897.0
238,2022/04/09,42282.08,42786.82,42183.25,42782.14,16050772496.0,813175789802.0
239,2022/04/08,43505.14,43903.02,42183.29,42287.66,27215995394.0,803736501494.0
240,2022/04/07,43207.5,43860.7,42899.91,43503.85,26101973106.0,826814841543.0
241,2022/04/06,45544.36,45544.36,43193.95,43206.74,39393395788.0,821131605927.0
242,2022/04/05,46624.51,47106.14,45544.81,45555.99,29640604055.0,865734982991.0
243,2022/04/04,46445.27,46791.09,45235.82,46622.67,32499785455.0,885964854050.0
244,2022/04/03,45859.13,47313.48,45634.1,46453.57,25414397610.0,882703992271.0
245,2022/04/02,46285.5,47028.28,45782.51,45868.95,29336594194.0,871556728553.0
246,2022/04/01,45554.16,46616.24,44403.14,46281.64,38162644287.0,879359612625.0
247,2022/03/31,47062.15,47512.03,45390.54,45538.68,33327427106.0,865202119216.0
248,2022/03/30,47456.9,47655.15,46746.21,47062.66,29333883962.0,894116777852.0
249,2022/03/29,47100.44,48022.29,47100.44,47465.73,31397059069.0,901733146417.0
250,2022/03/28,46821.85,48086.84,46690.2,47128.01,36362175703.0,895273041065.0
251,2022/03/27,44505.36,46827.55,44437.29,46820.49,28160889722.0,889385706663.0
252,2022/03/26,44349.86,44736.0,44166.28,44500.83,16950455995.0,845283757076.0
253,2022/03/25,43964.55,44999.49,43706.29,44348.73,30574413034.0,842351457245.0
254,2022/03/24,42886.65,44131.85,42726.16,43960.93,31042992291.0,834943671214.0
255,2022/03/23,42364.38,42893.51,41877.51,42892.96,25242943069.0,814620088889.0
256,2022/03/22,41074.1,43124.71,40948.28,42358.81,32004652376.0,804437952236.0
257,2022/03/21,41246.13,41454.41,40668.04,41078.0,24615543271.0,780074755650.0
258,2022/03/20,42191.41,42241.16,41004.76,41247.82,20127946682.0,783260570384.0
259,2022/03/19,41794.65,42316.55,41602.67,42190.65,19664853187.0,801124017583.0
260,2022/03/18,40944.84,42195.74,40302.4,41801.15,34421564942.0,793688176484.0
261,2022/03/17,41140.84,41287.54,40662.87,40951.38,22009601093.0,777515183730.0
262,2022/03/16,39335.57,41465.45,39022.35,41143.93,39616916192.0,781131586213.0
263,2022/03/15,39664.25,39794.63,38310.21,39338.79,23934000868.0,746821744421.0
264,2022/03/14,37846.32,39742.5,37680.73,39666.76,24322159070.0,753013859090.0
265,2022/03/13,38884.72,39209.35,37728.14,37849.66,17300745310.0,718481905386.0
266,2022/03/12,38794.46,39308.6,38772.54,38904.01,14616450657.0,738459914964.0
267,2022/03/11,39439.97,40081.68,38347.43,38794.97,26364890465.0,736353069777.0
268,2022/03/10,41974.07,42004.73,38832.94,39437.46,31078064711.0,748513363763.0
269,2022/03/09,38742.82,42465.67,38706.09,41982.93,32284121034.0,796787661849.0
270,2022/03/08,38059.9,39304.44,37957.39,38737.27,25776583476.0,735156346355.0
271,2022/03/07,38429.3,39430.23,37260.2,38062.04,28546143503.0,722305696828.0
272,2022/03/06,39404.2,39640.18,38211.65,38419.98,19745229902.0,729062407067.0
273,2022/03/05,39148.45,39566.34,38777.04,39400.58,16975917450.0,747638613405.0
274,2022/03/04,42458.14,42479.61,38805.85,39137.6,28516271427.0,742617908335.0
275,2022/03/03,43925.2,44021.58,41914.75,42451.79,24967782593.0,805466458785.0
276,2022/03/02,44357.62,45077.58,43432.85,43924.12,29183112630.0,833361543695.0
277,2022/03/01,43194.5,44793.6,42952.58,44354.64,32479047645.0,841491170716.0
278,2022/02/28,37706.0,43760.46,37518.21,43193.23,35690014104.0,819414782676.0
279,2022/02/27,39098.7,39778.94,37268.98,37709.78,23450127612.0,715351995828.0
280,2022/02/26,39213.08,40005.35,38702.53,39105.15,17467554129.0,741789694059.0
281,2022/02/25,38333.75,39630.32,38111.34,39214.22,26545599159.0,743827806938.0
282,2022/02/24,37278.57,38968.84,34459.22,38332.61,46383802093.0,727072550320.0
283,2022/02/23,38285.28,39122.39,37201.82,37296.57,21849073843.0,707390766255.0
284,2022/02/22,37068.77,38359.85,36488.93,38286.03,25493150450.0,726121533658.0
285,2022/02/21,38423.21,39394.44,36950.48,37075.28,29280402798.0,703124071472.0
286,2022/02/20,40118.1,40119.89,38112.81,38431.38,18340576452.0,728812385562.0
287,2022/02/19,40026.02,40418.88,39713.06,40122.15,13736557863.0,760839429984.0
288,2022/02/18,40552.13,40929.15,39637.62,40030.98,23310007704.0,759074084514.0
289,2022/02/17,43937.07,44132.97,40249.37,40538.01,26246662813.0,768654436207.0
290,2022/02/16,44578.28,44578.28,43456.69,43961.86,19792547657.0,833531932920.0
291,2022/02/15,42586.46,44667.22,42491.03,44575.2,22721659051.0,845117683687.0
292,2022/02/14,42157.4,42775.78,41681.96,42586.92,20827783012.0,807375855006.0
293,2022/02/13,42236.57,42693.05,41950.94,42197.52,14741589015.0,799950408997.0
294,2022/02/12,42412.3,42992.55,41852.57,42244.47,18152390304.0,800797790301.0
295,2022/02/11,43571.13,43810.83,42114.54,42407.94,26954925781.0,803848273503.0
296,2022/02/10,44347.8,45661.17,43402.81,43565.11,32142048537.0,825745116530.0
297,2022/02/09,44096.7,44727.8,43232.97,44338.8,23245887300.0,840369284541.0
298,2022/02/08,43854.65,45293.87,42807.84,44118.45,33079398868.0,836154543908.0
299,2022/02/07,42406.78,44401.86,41748.16,43840.29,28641855926.0,830838884165.0
300,2022/02/06,41441.12,42500.79,41244.91,42412.43,16142097334.0,803744511638.0
301,2022/02/05,41501.48,41847.16,41038.1,41441.16,19652846215.0,785297889648.0
302,2022/02/04,37149.26,41527.79,37093.63,41500.88,29412210792.0,786396684548.0
303,2022/02/03,36944.81,37154.6,36375.54,37154.6,18591534769.0,704010232687.0
304,2022/02/02,38743.71,38834.62,36832.73,36952.98,19155189416.0,700155817836.0
305,2022/02/01,38481.77,39115.13,38113.66,38743.27,20288500328.0,734039224255.0
306,2022/01/31,37920.28,38647.26,36733.57,38483.13,20734730465.0,729073641688.0
307,2022/01/30,38151.92,38266.34,37437.71,37917.6,14643548444.0,718325967803.0
308,2022/01/29,37780.71,38576.26,37406.47,38138.18,17194183075.0,722469136410.0
309,2022/01/28,37128.44,37952.88,36211.11,37784.33,22238830523.0,715731622071.0
310,2022/01/27,36841.88,37148.32,35629.28,37138.23,25041426629.0,703456873493.0
311,2022/01/26,36950.51,38825.41,36374.91,36852.12,31324598034.0,698006361956.0
312,2022/01/25,36654.81,37444.57,35779.43,36954.0,26428189594.0,699907393886.0
313,2022/01/24,36275.73,37247.52,33184.06,36654.33,41856658597.0,694196560317.0
314,2022/01/23,35047.36,36433.31,34784.97,36276.8,26017975951.0,687012848062.0
315,2022/01/22,36471.59,36688.81,34349.25,35030.25,39714385405.0,663374008017.0
316,2022/01/21,40699.61,41060.53,35791.43,36457.32,43011992031.0,690368973093.0
317,2022/01/20,41744.03,43413.02,40672.82,40680.42,20382033940.0,770304579439.0
318,2022/01/19,42374.04,42478.3,41242.91,41744.33,23091543258.0,790406427118.0
319,2022/01/18,42250.07,42534.4,41392.22,42375.63,22417209227.0,802313747480.0
320,2022/01/17,43118.12,43179.39,41680.32,42250.55,21690904261.0,799910089279.0
321,2022/01/16,43172.04,43436.81,42691.02,43113.88,17902097845.0,816211499221.0
322,2022/01/15,43101.9,43724.67,42669.04,43177.4,18371348298.0,817364571824.0
323,2022/01/14,42598.87,43346.69,41982.62,43099.7,23577403399.0,815850639036.0
324,2022/01/13,43946.74,44278.42,42447.04,42591.57,47691135082.0,806189762638.0
325,2022/01/12,42742.18,44135.37,42528.99,43949.1,33499938689.0,831836978396.0
326,2022/01/11,41819.51,43001.16,41407.75,42735.85,26327648900.0,808834801011.0
327,2022/01/10,41910.23,42199.49,39796.57,41821.26,32104232331.0,791484886194.0
328,2022/01/09,41734.73,42663.95,41338.16,41911.6,21294384372.0,793156354744.0
329,2022/01/08,41561.47,42228.94,40672.28,41733.94,28066355845.0,789758782727.0
330,2022/01/07,43153.57,43153.57,41077.45,41557.9,84196607520.0,786389774194.0
331,2022/01/06,43565.51,43748.72,42645.54,43160.93,30208048289.0,816685390313.0
332,2022/01/05,45899.36,46929.05,42798.22,43569.0,36851084859.0,824368284530.0
333,2022/01/04,46458.85,47406.55,45752.46,45897.58,42494677905.0,868383282082.0
334,2022/01/03,47343.54,47510.73,45835.96,46458.12,33071628362.0,878946596803.0
335,2022/01/02,47680.93,47881.41,46856.94,47345.22,27951569547.0,895688387523.0
336,2022/01/01,46311.74,47827.31,46288.49,47686.81,24582667004.0,902104193385.0
337,2021/12/31,47169.37,48472.53,45819.95,46306.45,36974172400.0,875939356679.0
338,2021/12/30,46490.61,47879.97,46060.31,47178.13,26686491018.0,892386327929.0
339,2021/12/29,47623.87,48119.74,46201.49,46444.71,30049226299.0,878478755242.0
340,2021/12/28,50679.86,50679.86,47414.21,47588.85,33430376883.0,900076230597.0
341,2021/12/27,50802.61,51956.33,50499.47,50640.42,24324345758.0,957746390396.0
342,2021/12/26,50428.69,51196.38,49623.1,50809.52,20964372926.0,960899995735.0
343,2021/12/25,50854.92,51176.6,50236.71,50429.86,19030650914.0,953678082633.0
344,2021/12/24,50806.05,51814.03,50514.49,50822.2,24367912228.0,961051547919.0
345,2021/12/23,48626.34,51332.34,48065.84,50784.54,28223878108.0,960290825000.0
346,2021/12/22,48937.1,49544.8,48450.94,48628.51,24447979559.0,919476035254.0
347,2021/12/21,46886.08,49300.92,46698.77,48936.61,27055803928.0,925255868119.0
348,2021/12/20,46707.06,47401.72,45579.81,46880.28,30961902129.0,886331446165.0
349,2021/12/19,46853.87,48089.66,46502.95,46707.01,25154053861.0,883011296030.0
350,2021/12/18,46219.26,47313.83,45598.44,46848.78,26098292690.0,885650029984.0
351,2021/12/17,47653.73,48004.89,45618.22,46202.14,32902725329.0,873389147689.0
352,2021/12/16,48900.46,49425.57,47529.88,47665.43,27268150947.0,901005821508.0
353,2021/12/15,48379.75,49473.96,46671.97,48896.72,36541828520.0,924244252417.0
354,2021/12/14,46709.82,48431.4,46424.5,46612.63,34638619079.0,881018067731.0
355,2021/12/13,50114.74,50205.0,45894.85,46737.48,32166727776.0,883345705454.0
356,2021/12/12,49354.85,50724.87,48725.85,50098.34,21939223599.0,946823114555.0
357,2021/12/11,47264.63,49458.21,46942.35,49362.51,25775869261.0,932873019896.0
358,2021/12/10,47642.14,50015.25,47023.7,47243.31,30966005122.0,892777676312.0
359,2021/12/09,50450.08,50797.17,47358.35,47672.12,29603577251.0,900835068960.0
360,2021/12/08,50667.65,51171.38,48765.99,50504.8,28479699446.0,954312404511.0
361,2021/12/07,50581.83,51934.78,50175.81,50700.08,33676814852.0,957948940989.0
362,2021/12/06,49413.48,50929.52,47281.04,50582.63,37707308001.0,955680910792.0
363,2021/12/05,49201.52,49768.15,47857.5,49368.85,37198201161.0,932695365142.0
364,2021/12/04,53727.88,53904.68,42874.62,49200.7,61385677469.0,929467386770.0
365,2021/12/03,56509.17,57482.17,52496.59,53598.25,39789134215.0,1012490599979.0
366,2021/12/02,57217.37,57349.23,55895.13,56477.82,32379968686.0,1066829261574.0
367,2021/12/01,56907.97,59041.69,56553.08,57229.83,36858195307.0,1080977744339.0
368,2021/11/30,57830.11,59113.4,56057.28,57005.43,36708594618.0,1076689232562.0
369,2021/11/29,57291.9,58872.88,56792.53,57806.57,32370840356.0,1091773828974.0
370,2021/11/28,54813.02,57393.84,53576.74,57248.46,28116886357.0,1081180416262.0
371,2021/11/27,53736.43,55329.26,53668.36,54815.08,30560857714.0,1035176249679.0
372,2021/11/26,58960.29,59183.48,53569.76,53569.76,41810748221.0,1011613083342.0
373,2021/11/25,57165.42,59367.97,57146.69,57274.68,34284016248.0,1081500188674.0
374,2021/11/24,57565.85,57803.07,55964.22,56280.43,36635566789.0,1062661698465.0
375,2021/11/23,56304.56,57875.52,55632.76,57569.07,37485803899.0,1086985075773.0
376,2021/11/22,58706.85,59266.36,55679.84,56289.29,35036121783.0,1062772703759.0
377,2021/11/21,59730.51,60004.43,58618.93,58730.48,26123447605.0,1108812311533.0
378,2021/11/20,58115.08,59859.88,57469.73,59697.2,30624264863.0,1127014430118.0
379,2021/11/19,56896.13,58351.11,55705.18,58119.58,38702407772.0,1097177697853.0
380,2021/11/18,60360.14,60948.5,56550.79,56942.14,41388338699.0,1074900976539.0
381,2021/11/17,60139.62,60823.61,58515.41,60368.01,39178392930.0,1139519389072.0
382,2021/11/16,63721.2,63721.2,59016.34,60161.25,46844335592.0,1135559300073.0
383,2021/11/15,65521.29,66281.57,63548.14,63557.87,30558763548.0,1199611097094.0
384,2021/11/14,64455.37,65495.18,63647.81,65466.84,25122092191.0,1235578996842.0
385,2021/11/13,64158.12,64915.67,63303.73,64469.53,30474228777.0,1216695126358.0
386,2021/11/12,64863.98,65460.81,62333.91,64155.94,36084893887.0,1210715199478.0
387,2021/11/11,64978.89,65579.01,64180.49,64949.96,35880633236.0,1225643127560.0
388,2021/11/10,66953.34,68789.63,63208.11,64995.23,48730828378.0,1226431510693.0
389,2021/11/09,67549.74,68530.34,66382.06,66971.83,42357991721.0,1263667113597.0
390,2021/11/08,63344.07,67673.74,63344.07,67566.83,41125608330.0,1274831490851.0
391,2021/11/07,61554.92,63326.99,61432.49,63326.99,24726754302.0,1194778776481.0
392,2021/11/06,61068.87,61590.68,60163.78,61527.48,29094934221.0,1160769349887.0
393,2021/11/05,61460.08,62541.47,60844.61,61125.67,30605102446.0,1153128571128.0
394,2021/11/04,62941.8,63123.29,60799.66,61452.23,32615846901.0,1159231375022.0
395,2021/11/03,63254.33,63516.94,61184.24,62970.05,36124731509.0,1187808286560.0
396,2021/11/02,60963.25,64242.79,60673.06,63226.4,37746665647.0,1192577136210.0
397,2021/11/01,61320.45,62419.0,59695.18,61004.41,36150572843.0,1150606762880.0
398,2021/10/31,61850.49,62406.17,60074.33,61318.96,32241199927.0,1156485845063.0
399,2021/10/30,62239.36,62330.15,60918.39,61888.83,32157938616.0,1167178054167.0
400,2021/10/29,60624.87,62927.61,60329.97,62227.96,36856881767.0,1173512442368.0
401,2021/10/28,58470.73,62128.63,58206.92,60622.14,45257083247.0,1143165999365.0
402,2021/10/27,60352.0,61435.18,58208.19,58482.39,43657076893.0,1102757767323.0
403,2021/10/26,63032.76,63229.03,59991.16,60363.79,34878965587.0,1138177770430.0
404,2021/10/25,60893.93,63729.33,60691.8,63039.83,31064911614.0,1188575312422.0
405,2021/10/24,61368.34,61505.8,59643.35,60930.84,27316183882.0,1148743134468.0
406,2021/10/23,60694.63,61743.88,59826.52,61393.62,26882546034.0,1157410091263.0
407,2021/10/22,62237.89,63715.02,60122.8,60692.26,38434082775.0,1144131483274.0
408,2021/10/21,66002.23,66600.55,62117.41,62210.17,45908121370.0,1172684282558.0
409,2021/10/20,64284.59,66930.39,63610.67,65992.84,40788955582.0,1243927428207.0
410,2021/10/19,62043.17,64434.53,61622.93,64261.99,40471196346.0,1211242526571.0
411,2021/10/18,61548.8,62614.66,60012.76,62026.08,38055562075.0,1169039169043.0
412,2021/10/17,60887.65,61645.52,59164.47,61553.62,29032367511.0,1160077513368.0
413,2021/10/16,61609.53,62274.48,60206.12,60892.18,34250964237.0,1147551202767.0
414,2021/10/15,57345.9,62757.13,56868.14,61593.95,51780081801.0,1160726409230.0
415,2021/10/14,57372.83,58478.74,56957.08,57321.53,36615791366.0,1080160001108.0
416,2021/10/13,56038.26,57688.66,54370.97,57401.1,41684252783.0,1081611750762.0
417,2021/10/12,57526.83,57627.88,54477.97,56041.06,41083758949.0,1055926265435.0
418,2021/10/11,54734.12,57793.04,54519.77,57484.79,42637331698.0,1083079138639.0
419,2021/10/10,54952.82,56401.3,54264.26,54771.58,39527792364.0,1031909532688.0
420,2021/10/09,53929.78,55397.94,53735.14,54968.22,32491211414.0,1035558748272.0
421,2021/10/08,53802.15,55922.98,53688.06,53967.85,34800873924.0,1016664484566.0
422,2021/10/07,55338.62,55338.62,53525.47,53805.99,36807860413.0,1013573258668.0
423,2021/10/06,51486.67,55568.46,50488.19,55361.45,49034730168.0,1042827678808.0
424,2021/10/05,49174.96,51839.99,49072.84,51514.81,35873904236.0,970325310417.0
425,2021/10/04,48208.91,49456.78,47045.0,49112.9,33383173002.0,925033195574.0
426,2021/10/03,47680.03,49130.69,47157.29,48199.95,26638115879.0,907791525236.0
427,2021/10/02,48137.47,48282.06,47465.5,47711.49,30614346492.0,898547418743.0
428,2021/10/01,43816.74,48436.01,43320.02,48116.94,42850641582.0,906127699408.0
429,2021/09/30,41551.27,44092.6,41444.58,43790.9,31141681925.0,824619217608.0
430,2021/09/29,41064.98,42545.26,40829.67,41564.36,30602359905.0,782651228474.0
431,2021/09/28,42200.9,42775.15,40931.66,41034.54,30214940550.0,772639687709.0
432,2021/09/27,43234.18,44313.25,42190.63,42235.73,30980029059.0,795216175345.0
433,2021/09/26,42721.63,43919.3,40848.46,43208.54,30661222077.0,813490665613.0
434,2021/09/25,42840.89,42996.26,41759.92,42716.59,31604717236.0,804192450113.0
435,2021/09/24,44894.3,45080.49,40936.56,42839.75,42839345714.0,806470363647.0
436,2021/09/23,43560.3,44942.17,43109.34,44895.1,34244064430.0,845122403460.0
437,2021/09/22,40677.95,43978.62,40625.63,43574.51,38139709246.0,820218503579.0
438,2021/09/21,43012.23,43607.61,39787.61,40693.68,48701090088.0,765958488767.0
439,2021/09/20,47261.41,47328.2,42598.92,42843.8,43909845642.0,806395852718.0
440,2021/09/19,48268.86,48328.37,46919.8,47260.22,26967722648.0,889472404520.0
441,2021/09/18,47273.53,48791.78,47087.28,48278.36,28575630451.0,908584317849.0
442,2021/09/17,47771.0,48160.92,46832.52,47267.52,28727713711.0,889514744351.0
443,2021/09/16,48158.91,48486.83,47079.56,47783.36,31764293754.0,899179151780.0
444,2021/09/15,47098.0,48450.47,46773.33,48176.35,30484496466.0,906532479371.0
445,2021/09/14,44960.05,47218.13,44752.33,47092.49,38652152880.0,886095283701.0
446,2021/09/13,46057.22,46598.68,43591.32,44963.07,40969943253.0,845980481365.0
447,2021/09/12,45206.63,46364.88,44790.46,46063.27,27881980161.0,866636671662.0
448,2021/09/11,44869.84,45969.29,44818.27,45201.46,34499835245.0,850381828071.0
449,2021/09/10,46396.66,47031.74,44344.49,44883.91,39154666597.0,844367023727.0
450,2021/09/09,45774.74,47261.95,45669.74,46391.42,38672657013.0,872686454372.0
451,2021/09/08,46827.76,47334.06,44561.39,46091.39,49007762488.0,867002908109.0
452,2021/09/07,52660.48,52853.76,43285.21,46811.13,65210059683.0,880498621998.0
453,2021/09/06,51769.0,52700.94,51053.68,52633.54,38884105426.0,989965076456.0
454,2021/09/05,49937.86,51868.68,49538.6,51753.41,30322676319.0,973354882473.0
455,2021/09/04,50009.33,50545.58,49548.78,49944.63,37471327794.0,939286123133.0
456,2021/09/03,49288.25,50982.27,48386.09,50025.37,43206179619.0,940757184680.0
457,2021/09/02,48807.85,50343.42,48652.32,49327.72,39508070319.0,927590865738.0
458,2021/09/01,47099.77,49111.09,46562.44,48847.03,39139399125.0,918501510157.0
459,2021/08/31,47024.34,48189.55,46750.09,47166.69,34730363427.0,886869903603.0
460,2021/08/30,48834.85,48925.61,46950.27,47054.98,31847007016.0,884727824089.0
461,2021/08/29,48911.25,49644.11,47925.86,48829.83,25889650240.0,918057300166.0
462,2021/08/28,49072.59,49283.51,48499.24,48902.4,28568103401.0,919372790254.0
463,2021/08/27,46894.56,49112.79,46394.28,49058.67,34511076995.0,922265559164.0
464,2021/08/26,49002.64,49347.58,46405.78,46942.22,32666549568.0,882436522913.0
465,2021/08/25,47727.26,49202.88,47163.61,48960.79,32646349931.0,920337950861.0
466,2021/08/24,49562.35,49878.77,47687.12,47706.12,35361168834.0,896704765697.0
467,2021/08/23,49291.68,50482.08,49074.61,49546.15,34305053719.0,931244272409.0
468,2021/08/22,48869.1,49471.61,48199.94,49321.65,25370975378.0,926961622395.0
469,2021/08/21,49327.07,49717.02,48312.2,48905.49,40585205312.0,919092181743.0
470,2021/08/20,46723.12,49342.15,46650.71,49339.18,34706867452.0,927189789032.0
471,2021/08/19,44741.88,46970.76,43998.32,46717.58,37204312299.0,877875534875.0
472,2021/08/18,44686.75,45952.06,44364.03,44801.19,32194123075.0,841823296233.0
473,2021/08/17,45936.46,47139.57,44512.42,44695.36,33451362600.0,839796717683.0
474,2021/08/16,47019.96,47998.1,45700.32,46004.48,32776876610.0,864345726183.0
475,2021/08/15,47096.67,47357.11,45579.59,47047.0,30988958446.0,883882942188.0
476,2021/08/14,47810.69,48098.68,46177.63,47096.95,31211354442.0,884769956069.0
477,2021/08/13,44439.69,47831.98,44282.42,47793.32,31744259539.0,897802604441.0
478,2021/08/12,45576.88,46228.91,43861.45,44428.29,33723620826.0,834546790666.0
479,2021/08/11,45599.7,46735.63,45351.71,45593.64,34319709073.0,856398622622.0
480,2021/08/10,46280.85,46637.99,44705.56,45585.03,33546019517.0,856195142352.0
481,2021/08/09,43791.93,46456.83,42848.69,46365.4,38734079049.0,870805373889.0
482,2021/08/08,44574.44,45282.35,43331.91,43798.12,36302664750.0,822545074286.0
483,2021/08/07,42832.8,44689.86,42618.57,44555.8,40030862141.0,836730623772.0
484,2021/08/06,40865.87,43271.66,39932.18,42816.5,38226483046.0,804022903682.0
485,2021/08/05,39744.51,41341.93,37458.0,40869.55,35185031017.0,767423192906.0
486,2021/08/04,38213.33,39952.3,37589.17,39747.51,25372562724.0,746313542791.0
487,2021/08/03,39178.4,39750.03,37782.05,38152.98,26189830450.0,716341544145.0
488,2021/08/02,39907.26,40419.18,38746.35,39201.95,25595265436.0,735995665489.0
489,2021/08/01,41460.84,42541.68,39540.94,39974.9,26688438115.0,750472428208.0
490,2021/07/31,42196.3,42231.45,41110.83,41626.2,25802845343.0,781431379811.0
491,2021/07/30,40027.48,42235.55,38397.35,42235.55,33072782960.0,792829863258.0
492,2021/07/29,39995.45,40593.07,39352.06,40008.42,27167146027.0,750980784072.0
493,2021/07/28,39503.19,40816.07,38862.44,39995.91,38702404695.0,750706646107.0
494,2021/07/27,37276.04,39406.94,36441.73,39406.94,35097370560.0,739612127373.0
495,2021/07/26,35384.03,40499.68,35287.31,37337.53,51022126212.0,700734471386.0
496,2021/07/25,34290.29,35364.93,33881.84,35350.19,20856685287.0,663401935103.0
497,2021/07/24,33593.73,34490.39,33424.86,34292.45,21664706865.0,643518528651.0
498,2021/07/23,32305.96,33581.55,32057.89,33581.55,22552046192.0,630147722704.0
499,2021/07/22,32138.87,32576.4,31745.3,32313.11,19555230518.0,606316858335.0
500,2021/07/21,29796.29,32752.33,29526.18,32110.69,28203024559.0,602489309202.0
501,2021/07/20,30838.29,31006.19,29360.96,29807.35,23148267245.0,559244324356.0
502,2021/07/19,31800.01,31885.86,30563.74,30817.83,20434789545.0,578178147283.0
503,2021/07/18,31533.88,32399.0,31215.49,31796.81,18787986667.0,596513309277.0
504,2021/07/17,31397.31,31935.94,31223.99,31533.07,18895018942.0,591536476392.0
505,2021/07/16,31841.55,32218.41,31100.67,31421.54,23699476918.0,589415807378.0
506,2021/07/15,32827.87,33159.64,31175.71,31780.73,21300524237.0,596124462729.0
507,2021/07/14,32723.85,33061.4,31639.12,32822.35,21376531210.0,615635042692.0
508,2021/07/13,33125.47,33327.1,32261.42,32702.03,19120856669.0,613343664760.0
509,2021/07/12,34254.02,34592.16,32697.31,33155.85,24321499537.0,621827984940.0
510,2021/07/11,33509.08,34584.7,33346.74,34240.19,20108729370.0,642138104626.0
511,2021/07/10,33811.24,34209.07,33116.01,33520.52,22971873468.0,628615338753.0
512,2021/07/09,32861.67,34042.29,32318.88,33798.01,27436021028.0,633784072787.0
513,2021/07/08,33889.61,33907.91,32133.18,32877.37,29910396946.0,616492852697.0
514,2021/07/07,34225.68,34997.66,33839.29,33855.33,24796027477.0,634802817185.0
515,2021/07/06,33723.51,35038.54,33599.92,34235.19,26501259870.0,641899161594.0
516,2021/07/05,35284.34,35284.34,33213.66,33746.0,26721554282.0,632696207200.0
517,2021/07/04,34665.56,35937.57,34396.48,35287.78,24924307911.0,661574836315.0
518,2021/07/03,33854.42,34909.26,33402.7,34668.55,24383958643.0,649939701346.0
519,2021/07/02,33549.6,33939.59,32770.68,33897.05,38728974942.0,635450784106.0
520,2021/07/01,35035.98,35035.98,32883.78,33572.12,37838957079.0,629339325298.0
521,2021/06/30,35908.39,36074.76,34086.15,35040.84,34059036099.0,656852513238.0
522,2021/06/29,34475.56,36542.11,34252.48,35867.78,37901460044.0,672333423402.0
523,2021/06/28,34679.12,35219.89,33902.08,34434.34,33892523752.0,645442759493.0
524,2021/06/27,32287.52,34656.13,32071.76,34649.64,35511640894.0,649461677014.0
525,2021/06/26,31594.66,32637.59,30184.5,32186.28,38585385521.0,603276028309.0
526,2021/06/25,34659.1,35487.25,31350.88,31637.78,40230904226.0,592978211189.0
527,2021/06/24,33682.8,35228.85,32385.21,34662.44,33123368116.0,649643997441.0
528,2021/06/23,32515.71,34753.41,31772.63,33723.03,46317108925.0,632011278436.0
529,2021/06/22,31622.38,33292.45,28893.62,32505.66,58964353058.0,609180639390.0
530,2021/06/21,35641.15,35721.64,31295.94,31676.69,52809038594.0,593627575887.0
531,2021/06/20,35563.14,36059.48,33432.08,35698.3,36664034054.0,668968868770.0
532,2021/06/19,35854.53,36457.8,34933.06,35615.87,31207279719.0,667400859261.0
533,2021/06/18,38099.48,38187.26,35255.85,35787.24,36200887275.0,670589444851.0
534,2021/06/17,38341.42,39513.67,37439.67,38053.5,37096670047.0,713025631758.0
535,2021/06/16,40168.69,40516.78,38176.03,38347.06,39211635100.0,718494773612.0
536,2021/06/15,40427.17,41295.27,39609.47,40406.27,46420149185.0,757029874725.0
537,2021/06/14,39016.97,40978.36,38757.28,40218.48,43148914673.0,753471062534.0
538,2021/06/13,35555.79,39322.78,34864.11,39097.86,40669112838.0,732465659892.0
539,2021/06/12,37340.14,37408.93,34728.19,35552.52,37924228550.0,666018173753.0
540,2021/06/11,36697.03,37608.69,36044.45,37334.4,38699736985.0,699368729838.0
541,2021/06/10,37389.52,38334.33,35847.59,36702.6,43576032854.0,687509421226.0
542,2021/06/09,33416.98,37537.37,32475.87,37345.12,53972919008.0,699516138698.0
543,2021/06/08,33589.52,34017.39,31114.44,33472.63,49902050442.0,626954944879.0
544,2021/06/07,35835.27,36790.57,33480.64,33560.71,33683936663.0,628572961759.0
545,2021/06/06,35538.61,36436.42,35304.58,35862.38,28913440585.0,671652557855.0
546,2021/06/05,36880.16,37917.71,34900.41,35551.96,35959473399.0,665804639833.0
547,2021/06/04,39242.49,39242.49,35717.72,36894.41,41831090187.0,690915072093.0
548,2021/06/03,37599.41,39478.95,37243.97,39208.77,35460750427.0,734224332239.0
549,2021/06/02,36699.92,38231.34,35966.31,37575.18,33070867190.0,703599671425.0
550,2021/06/01,37293.79,37896.74,35787.09,36684.92,34639423297.0,686891021225.0
551,2021/05/31,35658.59,37468.25,34241.94,37332.85,39009847639.0,698990486185.0
552,2021/05/30,34607.41,36400.67,33520.74,35678.13,31646080921.0,667976638398.0
553,2021/05/29,35684.16,37234.5,33693.93,34616.07,45231013335.0,648061013208.0
554,2021/05/28,38507.08,38856.97,34779.04,35697.61,55200191952.0,668283930067.0
555,2021/05/27,39316.89,40379.62,37247.9,38436.97,43210968721.0,719538129128.0
556,2021/05/26,38392.62,40782.08,37905.83,39294.2,51346735160.0,735556411166.0
557,2021/05/25,38795.78,39776.35,36581.43,38402.22,56211915803.0,718829377408.0
558,2021/05/24,34700.36,39835.14,34551.08,38705.98,67359584098.0,724332072424.0
559,2021/05/23,37531.45,38289.22,31227.34,34770.58,78469274361.0,650686270744.0
560,2021/05/22,37371.03,38831.05,35383.68,37536.63,57377273240.0,702449253648.0
561,2021/05/21,40596.95,42172.17,33616.45,37304.69,82051616861.0,698108789817.0
562,2021/05/20,36753.67,42462.98,35050.62,40782.74,88281943359.0,763195929022.0
563,2021/05/19,42944.98,43546.12,30681.5,37002.44,126358098747.0,692452570147.0
564,2021/05/18,43488.06,45812.46,42367.83,42909.4,56187365084.0,802974346863.0
565,2021/05/17,46415.9,46623.56,42207.29,43537.51,74903638450.0,814701646509.0
566,2021/05/16,46716.64,49720.04,43963.35,46456.06,64047871555.0,869279076502.0
567,2021/05/15,49855.49,50639.67,46664.14,46760.19,59161047474.0,874931019742.0
568,2021/05/14,49682.98,51438.12,48868.58,49880.53,55737497453.0,933276901265.0
569,2021/05/13,49735.43,51330.84,46980.02,49716.19,96721152926.0,930161010060.0
570,2021/05/12,56714.53,57939.36,49150.53,49150.53,75215403907.0,919527847950.0
571,2021/05/11,55847.24,56872.54,54608.65,56704.57,61308396325.0,1060790877192.0
572,2021/05/10,58250.87,59519.35,54071.46,55859.8,71776546298.0,1044927337818.0
573,2021/05/09,58877.39,59210.88,56482.0,58232.32,65906690347.0,1089244557676.0
574,2021/05/08,57352.77,59464.61,56975.21,58803.78,65382980634.0,1099863941004.0
575,2021/05/07,56413.95,58606.63,55321.85,57356.4,68434023376.0,1072727435210.0
576,2021/05/06,57441.31,58363.31,55382.51,56396.51,69523285106.0,1054714918675.0
577,2021/05/05,53252.16,57911.36,52969.06,57424.01,69241316747.0,1073873012867.0
578,2021/05/04,57214.18,57214.18,53191.43,53333.54,68564706967.0,997324142593.0
579,2021/05/03,56620.27,58973.31,56590.87,57200.29,51713139031.0,1069563935453.0
580,2021/05/02,57825.86,57902.59,56141.91,56631.08,38177405335.0,1058862005057.0
581,2021/05/01,57714.66,58448.34,57052.27,57828.05,42836427360.0,1081174515343.0
582,2021/04/30,53568.66,57900.72,53129.6,57750.18,52395931985.0,1079669884320.0
583,2021/04/29,54858.09,55115.84,52418.03,53555.11,46088929780.0,1001193634072.0
584,2021/04/28,55036.64,56227.21,53887.92,54824.7,48000572955.0,1024888208734.0
585,2021/04/27,54030.3,55416.96,53319.19,55033.12,49448222757.0,1028733359592.0
586,2021/04/26,49077.79,54288.0,48852.8,54021.75,58284039825.0,1009780042661.0
587,2021/04/25,50052.83,50506.02,47159.49,49004.25,46117114240.0,915955943256.0
588,2021/04/24,51143.23,51167.56,48805.28,50050.87,49014494781.0,935471648213.0
589,2021/04/23,51739.81,52120.79,47714.66,51093.65,86668667320.0,954919230092.0
590,2021/04/22,53857.11,55410.23,50583.81,51762.27,74798630778.0,967372472375.0
591,2021/04/21,56471.13,56757.97,53695.47,53906.09,54926612466.0,1007389534360.0
592,2021/04/20,55681.79,57062.15,53448.05,56473.03,67849323955.0,1055323526514.0
593,2021/04/19,56191.58,57520.05,54368.59,55724.27,65344865159.0,1041287672154.0
594,2021/04/18,60701.89,61057.46,52829.54,56216.19,97468872758.0,1050445401610.0
595,2021/04/17,61529.92,62572.18,60361.35,60683.82,66138759198.0,1133882479237.0
596,2021/04/16,63258.51,63594.72,60222.53,61572.79,84293007468.0,1150457156740.0
597,2021/04/15,63075.2,63821.67,62208.96,63314.01,60954381579.0,1182945492744.0
598,2021/04/14,63523.75,64863.1,61554.8,63109.7,77451779687.0,1179061093980.0
599,2021/04/13,59890.02,63742.28,59869.96,63503.46,69983454362.0,1186364044140.0
600,2021/04/12,60175.94,61253.04,59589.87,59893.45,51828688519.0,1118871072069.0
601,2021/04/11,59846.23,60790.56,59289.8,60204.96,46280252580.0,1124635848775.0
602,2021/04/10,58253.78,61276.67,58038.71,59793.24,58238470525.0,1116889802872.0
603,2021/04/09,58326.56,58937.05,57807.86,58245.0,46655208546.0,1087911057870.0
604,2021/04/08,56099.91,58338.74,55879.08,58323.95,53053855641.0,1089334328139.0
605,2021/04/07,58186.51,58731.14,55604.02,56048.94,75645303584.0,1046793054753.0
606,2021/04/06,59171.93,59479.58,57646.81,58192.36,66058027988.0,1086769183295.0
607,2021/04/05,58760.87,59891.3,57694.83,59057.88,60706272115.0,1102880790089.0
608,2021/04/04,57604.84,58913.75,57168.68,58758.56,50749662970.0,1097232660348.0
609,2021/04/03,59397.41,60110.27,57603.89,57603.89,59641344484.0,1075617261180.0
610,2021/04/02,59098.88,60267.19,58869.28,59384.31,58727860620.0,1108813863083.0
611,2021/04/01,58926.56,59586.07,58505.28,59095.81,61669163792.0,1103377830758.0
612,2021/03/31,58930.28,59930.03,57726.42,58918.83,65520826225.0,1100016786763.0
613,2021/03/30,57750.13,59447.22,57251.55,58917.69,54414116432.0,1099939890804.0
614,2021/03/29,55947.9,58342.1,55139.34,57750.2,57625587027.0,1078088296477.0
615,2021/03/28,55974.94,56610.31,55071.11,55950.75,47686580918.0,1044446559059.0
616,2021/03/27,55137.57,56568.22,54242.91,55973.51,47266542233.0,1044814147412.0
617,2021/03/26,51683.01,55137.31,51579.86,55137.31,56652197978.0,1029150697411.0
618,2021/03/25,52726.75,53392.39,50856.57,51704.16,67999812841.0,965028762666.0
619,2021/03/24,54710.49,57262.38,52514.33,52774.26,70567223787.0,984948142898.0
620,2021/03/23,54511.66,55985.44,53470.69,54738.94,56435023914.0,1021563479682.0
621,2021/03/22,57517.89,58471.48,54288.16,54529.15,56521454974.0,1017595269117.0
622,2021/03/21,58309.91,58767.9,56005.62,57523.42,51943414539.0,1073417235408.0
623,2021/03/20,58332.26,60031.29,58213.3,58313.64,50361731222.0,1088105221978.0
624,2021/03/19,57850.44,59498.38,56643.7,58346.65,49063873786.0,1088666450746.0
625,2021/03/18,58893.08,60116.25,54253.58,57858.92,55746041000.0,1079511086884.0
626,2021/03/17,56825.83,58969.82,54528.63,58870.89,60258313191.0,1098337655327.0
627,2021/03/16,55840.79,56833.18,53555.03,56804.9,59749798599.0,1059745818423.0
628,2021/03/15,59267.43,60540.99,55393.17,55907.2,66419369890.0,1042946024860.0
629,2021/03/14,61221.13,61597.92,59302.32,59302.32,43901225564.0,1106226132525.0
630,2021/03/13,57343.37,61683.86,56217.97,61243.08,60669829814.0,1142369158667.0
631,2021/03/12,57821.22,57996.62,55376.65,57332.09,55689944702.0,1069366321844.0
632,2021/03/11,55963.18,58091.06,54484.59,57805.12,56772343595.0,1078135604118.0
633,2021/03/10,54824.01,57258.25,53290.89,56008.55,57295577614.0,1044580057477.0
634,2021/03/09,52272.97,54824.12,51981.83,54824.12,50912227385.0,1022439972862.0
635,2021/03/08,51174.12,52314.07,49506.05,52246.52,48597428048.0,974321883623.0
636,2021/03/07,48918.68,51384.37,48918.68,51206.69,43137459378.0,954880954585.0
637,2021/03/06,48899.23,49147.22,47257.53,48912.38,34363564661.0,912054166029.0
638,2021/03/05,48527.03,49396.43,46542.51,48927.3,48625928883.0,912285065720.0
639,2021/03/04,50522.31,51735.09,47656.93,48561.17,52343816680.0,905414104807.0
640,2021/03/03,48415.81,52535.14,48274.32,50538.24,53220811975.0,942236576905.0
641,2021/03/02,49612.11,50127.51,47228.85,48378.99,47530897720.0,901933683269.0
642,2021/03/01,45159.5,49784.02,45115.09,49631.24,53891300112.0,925235527882.0
643,2021/02/28,46194.02,46716.43,43241.62,45137.77,53443887451.0,841428977515.0
644,2021/02/27,46344.77,48253.27,45269.03,46188.45,45910946382.0,860978135421.0
645,2021/02/26,47180.46,48370.79,44454.84,46339.76,350967941479.0,863752275053.0
646,2021/02/25,49709.08,51948.97,47093.85,47093.85,54506565949.0,877766126138.0
647,2021/02/24,48835.09,51290.14,47213.5,49705.33,63695521388.0,926393090751.0
648,2021/02/23,54204.93,54204.93,45290.59,48824.43,106102492824.0,909925854460.0
649,2021/02/22,57532.74,57533.39,48967.57,54207.32,92052420332.0,1010205212981.0
650,2021/02/21,56068.57,58330.57,55672.61,57539.94,51897585191.0,1072263294725.0
651,2021/02/20,55887.34,57505.23,54626.56,56099.52,68145460026.0,1045371087640.0
652,2021/02/19,51675.98,56113.65,50937.28,55888.13,63495496918.0,1041380696669.0
653,2021/02/18,52140.97,52474.11,51015.76,51679.8,52054723579.0,962915078024.0
654,2021/02/17,49207.28,52533.91,49072.38,52149.01,80820545404.0,971611626454.0
655,2021/02/16,47944.46,50341.1,47201.3,49199.87,77049582886.0,916623418254.0
656,2021/02/15,48696.54,48875.57,46347.48,47945.06,77069903166.0,893210080039.0
657,2021/02/14,47114.51,49487.64,47114.51,48717.29,71248675228.0,907551330153.0
658,2021/02/13,47491.2,48047.74,46392.28,47105.52,70250456155.0,877478894464.0
659,2021/02/12,47877.03,48745.73,46424.98,47504.85,76555041196.0,884874050612.0
660,2021/02/11,44898.71,48463.47,44187.76,47909.33,81388911810.0,892364856136.0
661,2021/02/10,46469.76,47145.57,43881.15,44918.18,87301089896.0,836616907527.0
662,2021/02/09,46184.99,48003.72,45166.96,46481.1,91809846886.0,865682956619.0
663,2021/02/08,38886.83,46203.93,38076.32,46196.46,101467222687.0,860342706260.0
664,2021/02/07,39250.19,39621.84,37446.15,38903.44,65500641143.0,724478833211.0
665,2021/02/06,38138.39,40846.55,38138.39,39266.01,71326033653.0,731192490093.0
666,2021/02/05,36931.55,38225.91,36658.76,38144.31,58598066402.0,710266752534.0
667,2021/02/04,37475.1,38592.18,36317.5,36926.06,68838074392.0,687542752523.0
668,2021/02/03,35510.82,37480.19,35443.98,37472.09,61166818159.0,697672910488.0
669,2021/02/02,33533.2,35896.88,33489.22,35510.29,63088585433.0,661114581664.0
670,2021/02/01,33114.58,34638.21,32384.23,33537.18,61400400660.0,624349044409.0
671,2021/01/31,34270.88,34288.33,32270.18,33114.36,52754542671.0,616452744533.0
672,2021/01/30,34295.94,34834.71,32940.19,34269.52,65141828798.0,637924573284.0
673,2021/01/29,34318.67,38406.26,32064.81,34316.39,117894572511.0,638768671362.0
674,2021/01/28,30441.04,33858.31,30023.21,33466.1,76517157706.0,622910073820.0
675,2021/01/27,32564.03,32564.03,29367.14,30432.55,62576762015.0,566417413554.0
676,2021/01/26,32358.61,32794.55,31030.27,32569.85,60255421470.0,606169260387.0
677,2021/01/25,32285.8,34802.74,32087.79,32366.39,59897054838.0,602350097075.0
678,2021/01/24,32064.38,32944.01,31106.69,32289.38,48643830599.0,600888568010.0
679,2021/01/23,32985.76,33360.98,31493.16,32067.64,48354737975.0,596733137645.0
680,2021/01/22,30817.63,33811.85,28953.37,33005.76,77207272511.0,614160521492.0
681,2021/01/21,35549.4,35552.68,30250.75,30825.7,75643067688.0,573565664943.0
682,2021/01/20,36050.11,36378.33,33570.48,35547.75,66834573161.0,661400102161.0
683,2021/01/19,36642.23,37755.89,36069.81,36069.81,57244195486.0,671081200700.0
684,2021/01/18,35792.24,37299.29,34883.84,36630.08,49511702429.0,681470030572.0
685,2021/01/17,36163.65,36722.35,34069.32,35791.28,52359854336.0,665831621391.0
686,2021/01/16,36821.65,37864.37,35633.55,36178.14,57706187875.0,673000645231.0
687,2021/01/15,39156.71,39577.71,34659.59,36825.37,67760757881.0,685005864471.0
688,2021/01/14,37325.11,39966.41,36868.56,39187.33,63615990033.0,728904366964.0
689,2021/01/13,33915.12,37599.96,32584.67,37316.36,69364315979.0,694069582194.0
690,2021/01/12,35516.36,36568.53,32697.98,33922.96,74773277909.0,630920422745.0
691,2021/01/11,38346.53,38346.53,30549.6,35566.66,123320567399.0,661457321418.0
692,2021/01/10,40254.22,41420.19,35984.63,38356.44,79980747690.0,713304617761.0
693,2021/01/09,40788.64,41436.35,38980.88,40254.55,61984162837.0,748563483043.0
694,2021/01/08,39381.77,41946.74,36838.64,40797.61,88107519480.0,758625941267.0
695,2021/01/07,36833.87,40180.37,36491.19,39371.04,84762141031.0,732062681138.0
696,2021/01/06,34013.61,36879.7,33514.03,36824.36,75289433811.0,684671246324.0
697,2021/01/05,31977.04,34437.59,30221.19,33992.43,67547324782.0,631980005970.0
698,2021/01/04,32810.95,33440.22,28722.76,31971.91,81163475344.0,594384025391.0
699,2021/01/03,32129.41,34608.56,32052.32,32782.02,78665235202.0,609409213147.0
700,2021/01/02,29376.46,33155.12,29091.18,32127.27,67865420765.0,597205944669.0
701,2021/01/01,28994.01,29600.63,28803.59,29374.15,40730301359.0,546001594838.0
702,2020/12/31,28841.57,29244.88,28201.99,29001.72,46754964848.0,539051138108.0
703,2020/12/30,27360.09,28937.74,27360.09,28840.95,51287442704.0,536033807161.0
704,2020/12/29,27081.81,27370.72,25987.3,27362.44,45265946774.0,508523687097.0
705,2020/12/28,26280.82,27389.11,26207.64,27084.81,49056742893.0,503339329917.0
706,2020/12/27,26439.37,28288.84,25922.77,26272.29,66479895605.0,488213268382.0
707,2020/12/26,24677.02,26718.07,24522.69,26437.04,48332647295.0,491250863157.0
708,2020/12/25,23733.57,24710.1,23463.67,24664.79,42068395846.0,458297232692.0
709,2020/12/24,23240.2,23768.34,22777.6,23735.95,41080759713.0,441017197764.0
710,2020/12/23,23781.97,24024.49,22802.65,23241.34,51146161904.0,431808778580.0
711,2020/12/22,22794.04,23789.9,22430.6,23783.03,44171632681.0,441850902134.0
712,2020/12/21,23474.46,24059.98,22159.37,22803.08,45852713981.0,423625088584.0
713,2020/12/20,23861.77,24209.66,23147.71,23477.3,37844228422.0,436129331482.0
714,2020/12/19,23132.87,24085.86,22826.47,23869.83,38487546580.0,443399267277.0
715,2020/12/18,22806.8,23238.6,22399.81,23137.96,40387896275.0,429781092528.0
716,2020/12/17,21308.35,23642.66,21234.68,22805.16,71378606374.0,423576934966.0
717,2020/12/16,19418.82,21458.91,19298.32,21310.6,44409011479.0,395799863746.0
718,2020/12/15,19246.92,19525.01,19079.84,19417.08,26741982541.0,360614771027.0
719,2020/12/14,19144.49,19305.1,19012.71,19246.64,22473997681.0,357432550020.0
720,2020/12/13,18806.77,19381.54,18734.33,19142.38,25450468637.0,355479173806.0
721,2020/12/12,18051.32,18919.55,18046.04,18803.66,21752580802.0,349170613899.0
722,2020/12/11,18263.93,18268.45,17619.53,18058.9,27919640985.0,335326168919.0
723,2020/12/10,18553.3,18553.3,17957.07,18264.99,25547132265.0,339136939586.0
724,2020/12/09,18320.88,18626.29,17935.55,18553.92,34420373071.0,344486483494.0
725,2020/12/08,19191.53,19283.48,18269.95,18321.14,31692288756.0,340148764252.0
726,2020/12/07,19343.13,19411.83,18931.14,19191.63,26896357742.0,356293229783.0
727,2020/12/06,19154.18,19390.5,18897.89,19345.12,25293775714.0,359123541247.0
728,2020/12/05,18698.39,19160.45,18590.19,19154.23,27242455064.0,355563938256.0
729,2020/12/04,19446.97,19511.4,18697.19,18699.77,33872388058.0,347111351136.0
730,2020/12/03,19205.93,19566.19,18925.78,19445.4,31930317405.0,360933936017.0
731,2020/12/02,18801.74,19308.33,18347.72,19201.09,37387697139.0,356381007571.0
732,2020/12/01,19633.77,19845.98,18321.92,18803.0,49633658712.0,348976597318.0
733,2020/11/30,18178.32,19749.26,18178.32,19625.84,47728480399.0,364229729426.0
734,2020/11/29,17719.63,18283.63,17559.12,18177.48,31133957704.0,337336592123.0
735,2020/11/28,17112.93,17853.94,16910.65,17717.42,32601040734.0,328782832212.0
736,2020/11/27,17153.91,17445.02,16526.42,17108.4,38886494645.0,317464460530.0
737,2020/11/26,18729.84,18866.29,16351.03,17150.62,61396835737.0,318231964319.0
738,2020/11/25,19104.41,19390.97,18581.15,18732.12,43710357371.0,347558803507.0
739,2020/11/24,18365.01,19348.27,18128.66,19107.46,51469565009.0,354504361032.0
740,2020/11/23,18370.02,18711.43,18000.8,18364.12,42741112308.0,340698070308.0
741,2020/11/22,18642.23,18688.97,17671.38,18370.0,41280434226.0,340790183317.0
742,2020/11/21,18621.32,18936.62,18444.36,18642.23,39650210707.0,345819234185.0
743,2020/11/20,17817.08,18773.23,17765.8,18621.31,36992873940.0,345411881099.0
744,2020/11/19,17803.86,18119.55,17382.55,17817.09,36985055355.0,330475167134.0
745,2020/11/18,17645.19,18393.95,17352.91,17804.01,49064800278.0,330218014062.0
746,2020/11/17,16685.69,17782.92,16564.54,17645.41,39006849170.0,327257094857.0
747,2020/11/16,15955.58,16816.18,15880.71,16716.11,31526766675.0,309889423249.0
748,2020/11/15,16068.14,16123.11,15793.53,15955.59,23653867583.0,295790551598.0
749,2020/11/14,16317.81,16317.81,15749.19,16068.14,27481710135.0,297877068423.0
750,2020/11/13,16276.44,16463.18,15992.15,16317.81,31599492172.0,302505533181.0
751,2020/11/12,15701.3,16305.0,15534.77,16276.34,34175758344.0,301736853825.0
752,2020/11/11,15290.91,15916.26,15290.01,15701.34,29772374934.0,291077214052.0
753,2020/11/10,15332.35,15450.33,15124.96,15290.9,25574938143.0,283468380961.0
754,2020/11/09,15479.6,15785.14,14865.53,15332.32,34149115566.0,284236108837.0
755,2020/11/08,14833.75,15637.32,14744.11,15479.57,26632075029.0,286955182899.0
756,2020/11/07,15565.88,15737.1,14423.2,14833.75,35024953706.0,274970333140.0
757,2020/11/06,15579.73,15903.44,15226.84,15565.88,39837841971.0,288526920959.0
758,2020/11/05,14133.73,15706.4,14102.09,15579.85,40856321439.0,288771509681.0
759,2020/11/04,13950.49,14218.77,13580.47,14133.71,35116364962.0,261954213176.0
760,2020/11/03,13550.45,13984.98,13325.44,13950.3,29869951617.0,258541441764.0
761,2020/11/02,13737.03,13808.32,13243.16,13550.49,30771455468.0,251119864445.0
762,2020/11/01,13780.99,13862.03,13628.38,13737.11,24453857900.0,254569759063.0
763,2020/10/31,13546.53,14028.21,13457.53,13780.99,30306464719.0,255372071116.0
764,2020/10/30,13437.87,13651.52,13136.2,13546.52,30581485201.0,251018154920.0
765,2020/10/29,13271.3,13612.05,12980.06,13437.88,56499499598.0,248995322466.0
766,2020/10/28,13654.21,13837.7,12932.25,13271.29,35867318895.0,245899824465.0
767,2020/10/27,13075.24,13759.67,13060.84,13654.22,33749878156.0,252985946390.0
768,2020/10/26,13031.2,13225.3,12822.38,13075.25,29461458313.0,242250997936.0
769,2020/10/25,13108.06,13329.18,12910.06,13031.17,24406920575.0,241425217440.0
770,2020/10/24,12931.57,13145.07,12885.75,13108.06,24542317940.0,242839876186.0
771,2020/10/23,12971.55,13015.96,12752.65,12931.54,28974975003.0,239557562148.0
772,2020/10/22,12801.64,13161.59,12717.09,12965.89,34729759598.0,240166387522.0
773,2020/10/21,11913.08,13184.57,11900.93,12823.69,43414712626.0,237532386963.0
774,2020/10/20,11745.97,11999.92,11681.48,11916.34,30915821592.0,220721282865.0
775,2020/10/19,11495.04,11799.09,11408.29,11742.04,23860769928.0,217482407293.0
776,2020/10/18,11355.98,11483.36,11347.58,11483.36,18283314340.0,212682581771.0
777,2020/10/17,11322.12,11386.26,11285.35,11358.1,19130430174.0,210353665235.0
778,2020/10/16,11502.83,11540.06,11223.01,11322.12,25635480772.0,209676088344.0
779,2020/10/15,11426.6,11569.91,11303.6,11495.35,24487233058.0,212873103428.0
780,2020/10/14,11429.05,11539.98,11307.83,11429.51,24103426719.0,211643390713.0
781,2020/10/13,11548.72,11548.98,11321.22,11425.9,24241420251.0,211565586739.0
782,2020/10/12,11392.64,11698.47,11240.69,11555.36,26163972642.0,213950143824.0
783,2020/10/11,11296.08,11428.81,11288.63,11384.18,19968627060.0,210766812992.0
784,2020/10/10,11059.14,11442.21,11056.94,11296.36,22877978588.0,209130239495.0
785,2020/10/09,10927.91,11102.67,10846.85,11064.46,22799117613.0,204827451843.0
786,2020/10/08,10669.37,10945.74,10562.61,10915.69,63314794397.0,202064144550.0
787,2020/10/07,10603.36,10680.51,10562.51,10668.97,37799458436.0,197485816055.0
788,2020/10/06,10796.31,10797.58,10528.89,10604.41,42623695307.0,196281911458.0
789,2020/10/05,10676.53,10793.51,10634.6,10793.34,47537578009.0,199769602128.0
790,2020/10/04,10550.44,10686.0,10534.39,10669.58,71251776995.0,197468899357.0
791,2020/10/03,10575.1,10598.94,10511.13,10549.33,44660271563.0,195233191301.0
792,2020/10/02,10619.82,10657.84,10416.69,10575.98,48661453918.0,195716085732.0
793,2020/10/01,10795.25,10933.62,10472.36,10619.45,40023134100.0,196512086756.0
794,2020/09/30,10843.87,10847.26,10669.32,10784.49,44171073700.0,199556965504.0
795,2020/09/29,10709.65,10860.0,10649.5,10844.64,46582396602.0,200660083839.0
796,2020/09/28,10776.61,10945.35,10703.89,10709.65,47762394731.0,198154065044.0
797,2020/09/27,10746.89,10803.98,10622.92,10775.27,53745972818.0,199357967523.0
798,2020/09/26,10695.58,10773.0,10667.28,10750.72,46852525493.0,198893019774.0
799,2020/09/25,10761.11,10777.7,10578.91,10692.72,39348590957.0,197809986226.0
800,2020/09/24,10248.79,10771.06,10231.49,10760.07,47144380902.0,199045623654.0
801,2020/09/23,10535.49,10537.83,10197.86,10246.19,23788661867.0,189529920746.0
802,2020/09/22,10459.62,10568.08,10382.73,10538.46,23621787804.0,194932197947.0
803,2020/09/21,10934.93,10988.3,10380.26,10462.26,28884999244.0,193514327128.0
804,2020/09/20,11095.87,11095.87,10814.48,10938.27,24699523788.0,202308927892.0
805,2020/09/19,10933.75,11134.09,10909.62,11094.35,22764204008.0,205185696336.0
806,2020/09/18,10951.82,11034.91,10829.66,10944.59,26341903912.0,202405809881.0
807,2020/09/17,10973.25,11037.42,10774.63,10948.99,38151810523.0,202475761712.0
808,2020/09/16,10797.76,11100.12,10704.88,10974.9,30769986455.0,202942925722.0
809,2020/09/15,10677.75,10938.63,10656.46,10796.95,32509451925.0,199641896762.0
810,2020/09/14,10328.73,10800.01,10266.01,10680.84,35453581940.0,197484272947.0
811,2020/09/13,10452.4,10577.22,10224.33,10323.76,36506852789.0,190870759062.0
812,2020/09/12,10409.86,10578.84,10292.39,10442.17,36750077324.0,193049493277.0
813,2020/09/11,10369.03,10434.92,10140.84,10400.91,45201121775.0,192275791669.0
814,2020/09/10,10242.33,10503.91,10238.14,10363.14,54406443211.0,191568387062.0
815,2020/09/09,10134.15,10350.54,10017.25,10242.35,24128292755.0,189325507175.0
816,2020/09/08,10369.31,10414.78,9945.11,10131.52,33430927462.0,187267336728.0
817,2020/09/07,10281.0,10399.15,9916.49,10369.56,33703098409.0,191657203885.0
818,2020/09/06,10167.22,10353.93,10056.89,10280.35,37071460174.0,189997214393.0
819,2020/09/05,10512.53,10581.57,9946.68,10169.57,44916565292.0,187940141276.0
820,2020/09/04,10230.37,10663.92,10207.94,10511.81,29965130374.0,194255818704.0
821,2020/09/03,11407.19,11443.02,10182.47,10245.3,31927261555.0,189322069063.0
822,2020/09/02,11964.82,11964.82,11290.79,11414.03,28037405299.0,210909793681.0
823,2020/09/01,11679.32,12067.08,11601.13,11970.48,27311555343.0,221181001607.0
824,2020/08/31,11713.31,11768.88,11598.32,11680.82,22285928250.0,215817677822.0
825,2020/08/30,11508.71,11715.26,11492.38,11711.51,19760127945.0,216373660045.0
826,2020/08/29,11541.05,11585.64,11466.29,11506.87,17485597759.0,212583870983.0
827,2020/08/28,11325.3,11545.62,11316.42,11542.5,19807127588.0,213231661583.0
828,2020/08/27,11485.61,11570.79,11185.94,11323.4,23240415076.0,209172436817.0
829,2020/08/26,11366.89,11530.05,11296.99,11488.36,22466660958.0,212210534428.0
830,2020/08/25,11773.59,11778.3,11189.85,11366.14,26301509932.0,209942744481.0
831,2020/08/24,11663.69,11807.63,11623.25,11774.6,20681511755.0,217477962650.0
832,2020/08/23,11679.7,11713.43,11559.92,11664.85,18482062658.0,215439967321.0
833,2020/08/22,11585.48,11689.41,11448.81,11681.83,20224191306.0,215742068895.0
834,2020/08/21,11878.03,11899.26,11564.98,11592.49,23762425999.0,214082401861.0
835,2020/08/20,11761.5,11900.41,11710.06,11878.37,20175242945.0,219350310326.0
836,2020/08/19,11990.88,12028.92,11687.33,11758.28,24502851117.0,217122068305.0
837,2020/08/18,12251.9,12335.71,11954.53,11991.23,26043227672.0,221413097553.0
838,2020/08/17,11895.66,12359.06,11806.7,12254.4,28227687027.0,226261747567.0
839,2020/08/16,11866.69,11934.9,11737.19,11892.8,20583375490.0,219576092170.0
840,2020/08/15,11768.7,11963.2,11768.7,11865.7,23354924400.0,219064372745.0
841,2020/08/14,11772.66,12150.99,11685.46,11768.87,24237958589.0,217265120503.0
842,2020/08/13,11588.41,11796.4,11216.87,11784.14,27522199497.0,217534728413.0
843,2020/08/12,11404.6,11748.4,11249.61,11584.93,25064548486.0,213846666475.0
844,2020/08/11,11881.65,11932.71,11195.71,11410.53,27039782640.0,210616121945.0
845,2020/08/10,11662.26,12045.14,11662.26,11878.11,26114112569.0,219235405395.0
846,2020/08/09,11737.33,11806.06,11548.78,11675.74,17489608833.0,215490364255.0
847,2020/08/08,11604.55,11800.06,11558.43,11754.05,17572057837.0,216924147851.0
848,2020/08/07,11778.89,11898.04,11408.59,11601.47,23132312867.0,214097928027.0
849,2020/08/06,11749.87,11902.34,11598.71,11779.77,23400740340.0,217377233001.0
850,2020/08/05,11203.82,11786.62,11158.29,11747.02,24411254471.0,216761492406.0
851,2020/08/04,11246.2,11385.38,11094.15,11205.89,21250197042.0,206767135617.0
852,2020/08/03,11043.77,11453.08,11012.41,11246.35,20271713443.0,207503423456.0
853,2020/08/02,11758.76,12034.14,11018.13,11053.61,27410067336.0,203936136730.0
854,2020/08/01,11322.57,11794.78,11239.68,11759.59,26075670303.0,216950669098.0
855,2020/07/31,11110.21,11415.86,10987.05,11323.47,23160469766.0,208895308529.0
856,2020/07/30,11099.83,11169.36,10895.46,11111.21,22857247901.0,204969047788.0
857,2020/07/29,10912.95,11304.4,10856.14,11100.47,24617249715.0,204761455133.0
858,2020/07/28,11017.46,11204.33,10632.63,10912.82,28766551142.0,201290022193.0
859,2020/07/27,9905.22,11298.22,9903.97,10990.87,35359749590.0,202719581737.0
860,2020/07/26,9680.23,10023.81,9652.85,9905.17,20507998997.0,182685328095.0
861,2020/07/25,9539.49,9704.56,9530.21,9677.11,16610070933.0,178469614078.0
862,2020/07/24,9585.51,9623.34,9481.45,9536.89,16552768325.0,175875016548.0
863,2020/07/23,9527.14,9610.25,9483.0,9581.07,18146399002.0,176680237480.0
864,2020/07/22,9375.08,9530.52,9319.65,9525.36,16532254884.0,175644844408.0
865,2020/07/21,9162.51,9407.26,9149.39,9374.89,18069581956.0,172861732402.0
866,2020/07/20,9187.22,9214.27,9137.51,9164.23,13755604146.0,168970262859.0
867,2020/07/19,9158.01,9201.4,9097.63,9185.82,12939002784.0,169360219986.0
868,2020/07/18,9151.18,9230.98,9100.82,9159.04,12252601475.0,168858972269.0
869,2020/07/17,9131.81,9182.25,9089.2,9151.39,13944570749.0,168710427574.0
870,2020/07/16,9191.98,9214.31,9088.95,9132.23,15713967523.0,168350501976.0
871,2020/07/15,9241.9,9275.33,9171.93,9192.84,15844731575.0,169460074576.0
872,2020/07/14,9238.7,9283.84,9171.66,9243.21,18085038362.0,170380670525.0
873,2020/07/13,9277.2,9306.4,9224.29,9243.61,17519821266.0,170379677119.0
874,2020/07/12,9241.06,9319.42,9197.45,9276.5,14452361907.0,170977422928.0
875,2020/07/11,9277.51,9293.53,9199.49,9240.35,13249910444.0,170302234778.0
876,2020/07/10,9273.36,9287.47,9118.0,9278.81,16860035605.0,171001933827.0
877,2020/07/09,9427.99,9431.38,9235.0,9277.97,18000702524.0,170977231638.0
878,2020/07/08,9253.02,9450.34,9249.5,9428.33,19702359883.0,173738543115.0
879,2020/07/07,9349.16,9360.62,9201.82,9252.28,13839652595.0,170485472276.0
880,2020/07/06,9072.85,9375.47,9058.66,9375.47,17889263252.0,172746103840.0
881,2020/07/05,9126.09,9162.18,8977.02,9073.94,12903406143.0,167181726154.0
882,2020/07/04,9084.23,9183.3,9053.63,9132.49,12290528515.0,168251076678.0
883,2020/07/03,9124.84,9202.34,9058.79,9087.3,13078970999.0,167409720388.0
884,2020/07/02,9231.14,9274.96,9036.62,9123.41,16338916796.0,168065586387.0
885,2020/07/01,9145.99,9309.75,9104.73,9228.33,15971550355.0,169988756578.0
886,2020/06/30,9185.58,9217.84,9084.84,9137.99,15735797744.0,168315606321.0
887,2020/06/29,9140.03,9237.57,9041.88,9190.85,16460547078.0,169280659246.0
888,2020/06/28,9048.46,9197.55,8975.53,9143.58,14560870760.0,168401806137.0
889,2020/06/27,9167.82,9207.81,8998.22,9045.39,17273093144.0,166584831506.0
890,2020/06/26,9260.99,9310.52,9101.74,9162.92,18341465837.0,168741367622.0
891,2020/06/25,9314.13,9340.16,9095.32,9264.81,18616048626.0,170608289504.0
892,2020/06/24,9632.15,9680.37,9278.23,9313.61,18961716076.0,171498781280.0
893,2020/06/23,9644.08,9670.54,9547.25,9629.66,17006433272.0,177310052079.0
894,2020/06/22,9300.92,9655.07,9296.87,9648.72,21104009514.0,177651397437.0
895,2020/06/21,9330.93,9401.11,9300.43,9303.63,15324301169.0,171289415079.0
896,2020/06/20,9290.96,9394.97,9247.38,9332.34,17130541557.0,171809438651.0
897,2020/06/19,9410.29,9440.88,9274.3,9288.02,19632223107.0,170985625732.0
898,2020/06/18,9481.57,9482.78,9328.4,9411.84,17770083003.0,173256688664.0
899,2020/06/17,9533.78,9540.42,9327.34,9480.26,20177709879.0,174508805561.0
900,2020/06/16,9454.27,9579.43,9400.45,9538.02,21565537209.0,175563963385.0
901,2020/06/15,9386.04,9504.86,8990.18,9450.7,26699704768.0,173947607772.0
902,2020/06/14,9477.55,9482.27,9347.59,9386.79,18991732746.0,172763239787.0
903,2020/06/13,9480.74,9493.21,9396.01,9475.28,17564322315.0,174381819725.0
904,2020/06/12,9320.69,9540.47,9285.85,9480.84,22610564515.0,174474896922.0
905,2020/06/11,9870.08,9938.3,9263.07,9321.78,30247143440.0,171538133043.0
906,2020/06/10,9794.12,9908.9,9728.29,9870.09,25706567601.0,181616765438.0
907,2020/06/09,9774.36,9836.37,9664.72,9795.7,23717842783.0,180237817527.0
908,2020/06/08,9760.06,9782.31,9675.89,9771.49,21486346312.0,179782576534.0
909,2020/06/07,9653.0,9768.5,9458.15,9758.85,25015250846.0,179540253701.0
910,2020/06/06,9664.9,9773.43,9591.02,9653.68,20438419222.0,177595657884.0
911,2020/06/05,9800.22,9869.24,9663.22,9665.53,23509628646.0,177801825145.0
912,2020/06/04,9655.85,9887.61,9525.25,9800.64,25921805072.0,180276153545.0
913,2020/06/03,9533.76,9682.86,9471.85,9656.72,25007459262.0,177619631126.0
914,2020/06/02,10162.97,10182.34,9460.57,9529.8,39137252109.0,175277218229.0
915,2020/06/01,9463.61,10199.56,9450.9,10167.27,35198901068.0,186993405740.0
916,2020/05/31,9700.11,9700.34,9432.3,9461.06,27773290299.0,173997151930.0
917,2020/05/30,9438.91,9704.03,9366.73,9700.41,32722975141.0,178390129758.0
918,2020/05/29,9528.36,9573.67,9379.34,9439.12,32896642044.0,173575756364.0
919,2020/05/28,9184.94,9546.32,9148.46,9525.75,34367073114.0,175161235290.0
920,2020/05/27,8837.38,9203.32,8834.16,9181.02,32740536902.0,168814700531.0
921,2020/05/26,8909.59,8991.97,8757.29,8835.05,29584186947.0,162445535235.0
922,2020/05/25,8786.11,8951.01,8719.67,8906.93,31288157264.0,163760453116.0
923,2020/05/24,9212.28,9288.4,8787.25,8790.37,32518803300.0,161610414643.0
924,2020/05/23,9185.06,9302.5,9118.11,9209.29,27727866812.0,169305492440.0
925,2020/05/22,9080.33,9232.94,9008.64,9182.58,29810773699.0,168807619957.0
926,2020/05/21,9522.74,9555.24,8869.93,9081.76,39326160532.0,166947987864.0
927,2020/05/20,9725.33,9804.79,9447.2,9522.98,36546239703.0,175050963475.0
928,2020/05/19,9727.06,9836.05,9539.62,9729.04,39254288955.0,178831635026.0
929,2020/05/18,9675.69,9906.03,9570.36,9726.57,41827139896.0,178779483464.0
930,2020/05/17,9374.93,9823.0,9349.55,9670.74,40084250663.0,177745404470.0
931,2020/05/16,9333.24,9564.2,9260.69,9377.01,36164766408.0,172340956579.0
932,2020/05/15,9734.29,9755.83,9261.4,9328.2,48158802327.0,171436341789.0
933,2020/05/14,9271.33,9793.27,9255.03,9733.72,56426907637.0,178881641547.0
934,2020/05/13,8805.39,9317.88,8805.39,9269.99,45558144023.0,170352710071.0
935,2020/05/12,8610.39,8949.9,8569.64,8804.48,42142717533.0,161791577301.0
936,2020/05/11,8755.54,9033.47,8374.32,8601.8,57119858802.0,158059235276.0
937,2020/05/10,9591.17,9595.58,8395.11,8756.43,63325279337.0,160884755211.0
938,2020/05/09,9840.91,9913.86,9580.64,9593.9,46566121841.0,176251395673.0
939,2020/05/08,9936.16,9996.74,9767.17,9842.67,51780748042.0,180804859844.0
940,2020/05/07,9261.9,9992.66,9138.32,9951.52,61112700562.0,182787376637.0
941,2020/05/06,9007.44,9411.47,8966.71,9268.76,49371886931.0,170229620935.0
942,2020/05/05,8912.83,9062.41,8856.83,9003.07,43148462663.0,165332488792.0
943,2020/05/04,8895.74,8956.91,8645.02,8912.65,45718796276.0,163654493632.0
